ID,Player Name,Season,Team
greenaj01,A.J. Green,2022-23,MIL
greenaj01,A.J. Green,2023-24,MIL
lawsoaj01,A.J. Lawson,2022-23,MIN
lawsoaj01,A.J. Lawson,2022-23,DAL
lawsoaj01,A.J. Lawson,2023-24,DAL
gordoaa01,Aaron Gordon,2020-21,ORL
gordoaa01,Aaron Gordon,2020-21,DEN
gordoaa01,Aaron Gordon,2021-22,DEN
gordoaa01,Aaron Gordon,2022-23,DEN
gordoaa01,Aaron Gordon,2023-24,DEN
henryaa01,Aaron Henry,2021-22,PHI
holidaa01,Aaron Holiday,2020-21,IND  
holidaa01,Aaron Holiday,2021-22,WAS
holidaa01,Aaron Holiday,2021-22,PHO
holidaa01,Aaron Holiday,2022-23,ATL
holidaa01,Aaron Holiday,2023-24,HOU
nesmiaa01,Aaron Nesmith,2020-21,BOS
nesmiaa01,Aaron Nesmith,2021-22,BOS
nesmiaa01,Aaron Nesmith,2022-23,IND
nesmiaa01,Aaron Nesmith,2023-24,IND
wiggiaa01,Aaron Wiggins,2021-22,OKC
wiggiaa01,Aaron Wiggins,2022-23,OKC
wiggiaa01,Aaron Wiggins,2023-24,OKC
naderab01,Abdel Nader,2020-21,PHO
naderab01,Abdel Nader,2021-22,PHO
flaglad01,Adam Flagler,2023-24,OKC
mokokad01,Adam Mokoka,2020-21,CHI
sanogad01,Adama Sanogo,2023-24,CHI
murkead01,Ade Murkey,2021-22,SAC
schofad01,Admiral Schofield,2021-22,ORL
schofad01,Admiral Schofield,2022-23,ORL
schofad01,Admiral Schofield,2023-24,ORL
caverah01,Ahmad Caver,2021-22,IND
griffaj01,AJ Griffin,2022-23,ATL
griffaj01,AJ Griffin,2023-24,ATL
horfoal01,Al Horford,2020-21,OKC
horfoal01,Al Horford,2021-22,BOS
horfoal01,Al Horford,2022-23,BOS
horfoal01,Al Horford,2023-24,BOS
burksal01,Alec Burks,2020-21,NYK
burksal01,Alec Burks,2021-22,NYK
burksal01,Alec Burks,2022-23,DET
burksal01,Alec Burks,2023-24,DET
burksal01,Alec Burks,2023-24,NYK
fordal03,Aleem Ford,2021-22,ORL
pokusal01,Aleksej Pokusevski,2020-21,OKC
pokusal01,Aleksej Pokusevski,2021-22,OKC
pokusal01,Aleksej Pokusevski,2022-23,OKC
pokusal01,Aleksej Pokusevski,2023-24,OKC
pokusal01,Aleksej Pokusevski,2023-24,CHO
smailal01,Alen Smailagi?,2020-21,GSW
carusal01,Alex Caruso,2020-21,LAL
carusal01,Alex Caruso,2021-22,CHI
carusal01,Alex Caruso,2022-23,CHI
carusal01,Alex Caruso,2023-24,CHI
fudgeal01,Alex Fudge,2023-24,LAL
fudgeal01,Alex Fudge,2023-24,DAL
lenal01,Alex Len,2020-21,TOR
lenal01,Alex Len,2020-21,WAS
lenal01,Alex Len,2021-22,SAC
lenal01,Alex Len,2022-23,SAC
lenal01,Alex Len,2023-24,SAC
aminual01,Al-Farouq Aminu,2020-21,ORL
aminual01,Al-Farouq Aminu,2020-21,CHI
mckinal01,Alfonzo McKinnie,2020-21,LAL
mckinal01,Alfonzo McKinnie,2021-22,CHI
johnsal02,Alize Johnson,2020-21,BRK
johnsal02,Alize Johnson,2021-22,CHI
johnsal02,Alize Johnson,2021-22,WAS
johnsal02,Alize Johnson,2021-22,NOP
johnsal02,Alize Johnson,2022-23,SAS
willial06,Alondes Williams,2022-23,BRK
willial06,Alondes Williams,2023-24,MIA
sengual01,Alperen Sengun,2021-22,HOU
sengual01,Alperen Sengun,2022-23,HOU
sengual01,Alperen Sengun,2023-24,HOU
baileam01,Amari Bailey,2023-24,CHO
thompam01,Amen Thompson,2023-24,HOU
brimaam01,Amida Brimah,2020-21,IND
coffeam01,Amir Coffey,2020-21,LAC
coffeam01,Amir Coffey,2021-22,LAC
coffeam01,Amir Coffey,2022-23,LAC
coffeam01,Amir Coffey,2023-24,LAC
varejan01,Anderson Varejão,2020-21,CLE
drumman01,Andre Drummond,2020-21,CLE
drumman01,Andre Drummond,2020-21,LAL
drumman01,Andre Drummond,2021-22,PHI
drumman01,Andre Drummond,2021-22,BRK
drumman01,Andre Drummond,2022-23,CHI
drumman01,Andre Drummond,2023-24,CHI
iguodan01,Andre Iguodala,2020-21,MIA
iguodan01,Andre Iguodala,2021-22,GSW
iguodan01,Andre Iguodala,2022-23,GSW
jacksan01,Andre Jackson Jr.,2023-24,MIL
roberan03,Andre Roberson,2020-21,BRK
funkan01,Andrew Funk,2023-24,CHI
nembhan01,Andrew Nembhard,2022-23,IND
nembhan01,Andrew Nembhard,2023-24,IND
wiggian01,Andrew Wiggins,2020-21,GSW
wiggian01,Andrew Wiggins,2021-22,GSW
wiggian01,Andrew Wiggins,2022-23,GSW
wiggian01,Andrew Wiggins,2023-24,GSW
simonan01,Anfernee Simons,2020-21,POR
simonan01,Anfernee Simons,2021-22,POR
simonan01,Anfernee Simons,2022-23,POR
simonan01,Anfernee Simons,2023-24,POR
blackan01,Anthony Black,2023-24,ORL
davisan02,Anthony Davis,2020-21,LAL
davisan02,Anthony Davis,2021-22,LAL
davisan02,Anthony Davis,2022-23,LAL
davisan02,Anthony Davis,2023-24,LAL
edwaran01,Anthony Edwards,2020-21,MIN
edwaran01,Anthony Edwards,2021-22,MIN
edwaran01,Anthony Edwards,2022-23,MIN
edwaran01,Anthony Edwards,2023-24,MIN
gillan01,Anthony Gill,2020-21,WAS
gillan01,Anthony Gill,2021-22,WAS
gillan01,Anthony Gill,2022-23,WAS
gillan01,Anthony Gill,2023-24,WAS
lamban01,Anthony Lamb,2020-21,HOU
lamban01,Anthony Lamb,2021-22,SAS
lamban01,Anthony Lamb,2022-23,GSW
tollian01,Anthony Tolliver,2020-21,PHI
pasecan01,Anžejs Pase??iks,2020-21,WAS
brookar01,Armoni Brooks,2020-21,HOU
brookar01,Armoni Brooks,2021-22,HOU
brookar01,Armoni Brooks,2021-22,TOR
brookar01,Armoni Brooks,2023-24,BRK
kulboar01,Arnoldas Kulboka,2021-22,CHO
baynear01,Aron Baynes,2020-21,TOR
haganas01,Ashton Hagans,2020-21,MIN
haganas01,Ashton Hagans,2023-24,POR
thompau01,Ausar Thompson,2023-24,DET
reaveau01,Austin Reaves,2021-22,LAL
reaveau01,Austin Reaves,2022-23,LAL
reaveau01,Austin Reaves,2023-24,LAL
riverau01,Austin Rivers,2020-21,NYK
riverau01,Austin Rivers,2020-21,DEN
riverau01,Austin Rivers,2021-22,DEN
riverau01,Austin Rivers,2022-23,MIN
bradlav01,Avery Bradley,2020-21,MIA
bradlav01,Avery Bradley,2020-21,HOU
bradlav01,Avery Bradley,2021-22,LAL
toupaax01,Axel Toupane,2020-21,MIL
dosunay01,Ayo Dosunmu,2021-22,CHI
dosunay01,Ayo Dosunmu,2022-23,CHI
dosunay01,Ayo Dosunmu,2023-24,CHI
johnsbj01,B.J. Johnson,2021-22,ORL
adebaba01,Bam Adebayo,2020-21,MIA
adebaba01,Bam Adebayo,2021-22,MIA
adebaba01,Bam Adebayo,2022-23,MIA
adebaba01,Bam Adebayo,2023-24,MIA
mclembe01,Ben McLemore,2020-21,HOU
mclembe01,Ben McLemore,2020-21,LAL
mclembe01,Ben McLemore,2021-22,POR
sheppbe01,Ben Sheppard,2023-24,IND
simmobe01,Ben Simmons,2020-21,PHI
simmobe01,Ben Simmons,2022-23,BRK
simmobe01,Ben Simmons,2023-24,BRK
mathube01,Bennedict Mathurin,2022-23,IND
mathube01,Bennedict Mathurin,2023-24,IND
coulibi01,Bilal Coulibaly,2023-24,WAS
biyombi01,Bismack Biyombo,2020-21,CHO
biyombi01,Bismack Biyombo,2021-22,PHO
biyombi01,Bismack Biyombo,2022-23,PHO
biyombi01,Bismack Biyombo,2023-24,MEM
biyombi01,Bismack Biyombo,2023-24,OKC
griffbl01,Blake Griffin,2020-21,DET
griffbl01,Blake Griffin,2020-21,BRK
griffbl01,Blake Griffin,2021-22,BRK
griffbl01,Blake Griffin,2022-23,BOS
weslebl01,Blake Wesley,2022-23,SAS
weslebl01,Blake Wesley,2023-24,SAS
marjabo01,Boban Marjanovi?,2022-23,HOU
marjabo01,Boban Marjanovi?,2023-24,HOU
marjabo01,Boban Marjanovi?,2020-21,DAL
marjabo01,Boban Marjanovi?,2021-22,DAL
portibo01,Bobby Portis,2020-21,MIL
portibo01,Bobby Portis,2021-22,MIL
portibo01,Bobby Portis,2022-23,MIL
portibo01,Bobby Portis,2023-24,MIL
bogdabo01,Bogdan Bogdanovi?,2022-23,ATL
bogdabo01,Bogdan Bogdanovi?,2023-24,ATL
bogdabo01,Bogdan Bogdanovi?,2020-21,ATL
bogdabo01,Bogdan Bogdanovi?,2021-22,ATL
bogdabo02,Bojan Bogdanovi?,2022-23,DET
bogdabo02,Bojan Bogdanovi?,2023-24,DET
bogdabo02,Bojan Bogdanovi?,2023-24,NYK
bogdabo02,Bojan Bogdanovi?,2020-21,UTA
bogdabo02,Bojan Bogdanovi?,2021-22,UTA
bolbo01,Bol Bol,2020-21,DEN
bolbo01,Bol Bol,2021-22,DEN
bolbo01,Bol Bol,2022-23,ORL
bolbo01,Bol Bol,2023-24,PHO
hylanbo01,Bones Hyland,2021-22,DEN
hylanbo01,Bones Hyland,2022-23,DEN
hylanbo01,Bones Hyland,2022-23,LAC
hylanbo01,Bones Hyland,2023-24,LAC
wanambr01,Brad Wanamaker,2020-21,GSW
wanambr01,Brad Wanamaker,2020-21,CHO
wanambr01,Brad Wanamaker,2021-22,IND
wanambr01,Brad Wanamaker,2021-22,WAS
bealbr01,Bradley Beal,2020-21,WAS
bealbr01,Bradley Beal,2021-22,WAS
bealbr01,Bradley Beal,2022-23,WAS
bealbr01,Bradley Beal,2023-24,PHO
podzibr01,Brandin Podziemski,2023-24,GSW
bostobr01,Brandon Boston Jr.,2021-22,LAC
bostobr01,Brandon Boston Jr.,2022-23,LAC
bostobr01,Brandon Boston Jr.,2023-24,LAC
clarkbr01,Brandon Clarke,2020-21,MEM
clarkbr01,Brandon Clarke,2021-22,MEM
clarkbr01,Brandon Clarke,2022-23,MEM
clarkbr01,Brandon Clarke,2023-24,MEM
goodwbr01,Brandon Goodwin,2020-21,ATL
goodwbr01,Brandon Goodwin,2021-22,CLE
ingrabr01,Brandon Ingram,2020-21,NOP
ingrabr01,Brandon Ingram,2021-22,NOP
ingrabr01,Brandon Ingram,2022-23,NOP
ingrabr01,Brandon Ingram,2023-24,NOP
knighbr03,Brandon Knight,2021-22,DAL
millebr02,Brandon Miller,2023-24,CHO
willibr03,Brandon Williams,2021-22,POR
willibr03,Brandon Williams,2023-24,DAL
keybr01,Braxton Key,2021-22,PHI
keybr01,Braxton Key,2021-22,DET
keybr01,Braxton Key,2022-23,DET
keybr01,Braxton Key,2023-24,DEN
bowenbr02,Brian Bowen,2020-21,IND
sensabr01,Brice Sensabaugh,2023-24,UTA
thomabr01,Brodric Thomas,2020-21,HOU
thomabr01,Brodric Thomas,2020-21,CLE
thomabr01,Brodric Thomas,2021-22,BOS
lopezbr01,Brook Lopez,2020-21,MIL
lopezbr01,Brook Lopez,2021-22,MIL
lopezbr01,Brook Lopez,2022-23,MIL
lopezbr01,Brook Lopez,2023-24,MIL
brownbr01,Bruce Brown,2020-21,BRK
brownbr01,Bruce Brown,2021-22,BRK
brownbr01,Bruce Brown,2022-23,DEN
brownbr01,Bruce Brown,2023-24,IND
brownbr01,Bruce Brown,2023-24,TOR
cabocbr01,Bruno Caboclo,2020-21,HOU
fernabr01,Bruno Fernando,2020-21,ATL
fernabr01,Bruno Fernando,2021-22,BOS
fernabr01,Bruno Fernando,2021-22,HOU
fernabr01,Bruno Fernando,2022-23,HOU
fernabr01,Bruno Fernando,2022-23,ATL
fernabr01,Bruno Fernando,2023-24,ATL
mcgowbr01,Bryce McGowens,2022-23,CHO
mcgowbr01,Bryce McGowens,2023-24,CHO
forbebr01,Bryn Forbes,2020-21,MIL
forbebr01,Bryn Forbes,2021-22,SAS
forbebr01,Bryn Forbes,2021-22,DEN
forbebr01,Bryn Forbes,2022-23,MIN
boehebu01,Buddy Boeheim,2022-23,DET
boehebu01,Buddy Boeheim,2023-24,DET
hieldbu01,Buddy Hield,2020-21,SAC
hieldbu01,Buddy Hield,2021-22,SAC
hieldbu01,Buddy Hield,2021-22,IND
hieldbu01,Buddy Hield,2022-23,IND
hieldbu01,Buddy Hield,2023-24,IND
hieldbu01,Buddy Hield,2023-24,PHI
milescj01,C.J. Miles,2021-22,BOS
cunnica01,Cade Cunningham,2021-22,DET
cunnica01,Cade Cunningham,2022-23,DET
cunnica01,Cade Cunningham,2023-24,DET
houstca01,Caleb Houstan,2022-23,ORL
houstca01,Caleb Houstan,2023-24,ORL
martica02,Caleb Martin,2020-21,CHO
martica02,Caleb Martin,2021-22,MIA
martica02,Caleb Martin,2022-23,MIA
martica02,Caleb Martin,2023-24,MIA
reddica01,Cam Reddish,2020-21,ATL
reddica01,Cam Reddish,2021-22,ATL
reddica01,Cam Reddish,2021-22,NYK
reddica01,Cam Reddish,2022-23,NYK
reddica01,Cam Reddish,2022-23,POR
reddica01,Cam Reddish,2023-24,LAL
thomaca02,Cam Thomas,2021-22,BRK
thomaca02,Cam Thomas,2022-23,BRK
thomaca02,Cam Thomas,2023-24,BRK
whitmca01,Cam Whitmore,2023-24,HOU
johnsca02,Cameron Johnson,2020-21,PHO
johnsca02,Cameron Johnson,2021-22,PHO
johnsca02,Cameron Johnson,2022-23,PHO
johnsca02,Cameron Johnson,2022-23,BRK
johnsca02,Cameron Johnson,2023-24,BRK
mcgrica01,Cameron McGriff,2021-22,POR
oliveca01,Cameron Oliver,2020-21,HOU
oliveca01,Cameron Oliver,2021-22,ATL
payneca01,Cameron Payne,2020-21,PHO
payneca01,Cameron Payne,2021-22,PHO
payneca01,Cameron Payne,2022-23,PHO
payneca01,Cameron Payne,2023-24,MIL
payneca01,Cameron Payne,2023-24,PHI
reynoca01,Cameron Reynolds,2020-21,SAS
reynoca01,Cameron Reynolds,2020-21,HOU
leverca01,Caris LeVert,2020-21,BRK
leverca01,Caris LeVert,2020-21,IND
leverca01,Caris LeVert,2021-22,IND
leverca01,Caris LeVert,2021-22,CLE
leverca01,Caris LeVert,2022-23,CLE
leverca01,Caris LeVert,2023-24,CLE
jonesca03,Carlik Jones,2021-22,DAL
jonesca03,Carlik Jones,2021-22,DEN
jonesca03,Carlik Jones,2022-23,CHI
anthoca01,Carmelo Anthony,2020-21,POR
anthoca01,Carmelo Anthony,2021-22,LAL
edwarca01,Carsen Edwards,2020-21,BOS
edwarca01,Carsen Edwards,2021-22,DET
wallaca01,Cason Wallace,2023-24,OKC
stanlca01,Cassius Stanley,2020-21,IND
stanlca01,Cassius Stanley,2021-22,DET
winstca01,Cassius Winston,2020-21,WAS
winstca01,Cassius Winston,2021-22,WAS
barbeca01,Cat Barber,2021-22,ATL
osmande01,Cedi Osman,2020-21,CLE
osmande01,Cedi Osman,2021-22,CLE
osmande01,Cedi Osman,2022-23,CLE
osmande01,Cedi Osman,2023-24,SAS
comanch01,Chance Comanche,2022-23,POR
hutchch01,Chandler Hutchison,2020-21,CHI
hutchch01,Chandler Hutchison,2020-21,WAS
hutchch01,Chandler Hutchison,2021-22,PHO
bassech01,Charles Bassey,2021-22,PHI
bassech01,Charles Bassey,2022-23,SAS
bassech01,Charles Bassey,2023-24,SAS
brownch02,Charlie Brown Jr.,2020-21,OKC
brownch02,Charlie Brown Jr.,2021-22,DAL
brownch02,Charlie Brown Jr.,2021-22,PHI
brownch02,Charlie Brown Jr.,2023-24,NYK
randlch01,Chasson Randle,2020-21,ORL
brownch05,Chaundee Brown Jr.,2021-22,LAL
brownch05,Chaundee Brown Jr.,2021-22,ATL
diallch01,Cheick Diallo,2021-22,DET
holmgch01,Chet Holmgren,2023-24,OKC
monekch01,Chima Moneke,2022-23,SAC
metuch01,Chimezie Metu,2020-21,SAC
metuch01,Chimezie Metu,2021-22,SAC
metuch01,Chimezie Metu,2022-23,SAC
metuch01,Chimezie Metu,2023-24,PHO
metuch01,Chimezie Metu,2023-24,DET
bouchch01,Chris Boucher,2020-21,TOR
bouchch01,Chris Boucher,2021-22,TOR
bouchch01,Chris Boucher,2022-23,TOR
bouchch01,Chris Boucher,2023-24,TOR
chiozch01,Chris Chiozza,2020-21,BRK
chiozch01,Chris Chiozza,2021-22,GSW
duartch01,Chris Duarte,2021-22,IND
duartch01,Chris Duarte,2022-23,IND
duartch01,Chris Duarte,2023-24,SAC
livinch01,Chris Livingston,2023-24,MIL
paulch01,Chris Paul,2020-21,PHO
paulch01,Chris Paul,2021-22,PHO
paulch01,Chris Paul,2022-23,PHO
paulch01,Chris Paul,2023-24,GSW
silvach01,Chris Silva,2020-21,MIA
silvach01,Chris Silva,2020-21,SAC
silvach01,Chris Silva,2021-22,MIN
silvach01,Chris Silva,2021-22,MIA
silvach01,Chris Silva,2022-23,DAL
braunch01,Christian Braun,2022-23,DEN
braunch01,Christian Braun,2023-24,DEN
kolokch01,Christian Koloko,2022-23,TOR
woodch01,Christian Wood,2020-21,HOU
woodch01,Christian Wood,2021-22,HOU
woodch01,Christian Wood,2022-23,DAL
woodch01,Christian Wood,2023-24,LAL
okekech01,Chuma Okeke,2020-21,ORL
okekech01,Chuma Okeke,2021-22,ORL
okekech01,Chuma Okeke,2022-23,ORL
okekech01,Chuma Okeke,2023-24,ORL
ellebcj01,CJ Elleby,2020-21,POR
ellebcj01,CJ Elleby,2021-22,POR
mccolcj01,CJ McCollum,2020-21,POR
mccolcj01,CJ McCollum,2021-22,POR
mccolcj01,CJ McCollum,2021-22,NOP
mccolcj01,CJ McCollum,2022-23,NOP
mccolcj01,CJ McCollum,2023-24,NOP
capelca01,Clint Capela,2020-21,ATL
capelca01,Clint Capela,2021-22,ATL
capelca01,Clint Capela,2022-23,ATL
capelca01,Clint Capela,2023-24,ATL
whiteco01,Coby White,2020-21,CHI
whiteco01,Coby White,2021-22,CHI
whiteco01,Coby White,2022-23,CHI
whiteco01,Coby White,2023-24,CHI
martico01,Cody Martin,2020-21,CHO
martico01,Cody Martin,2021-22,CHO
martico01,Cody Martin,2022-23,CHO
martico01,Cody Martin,2023-24,CHO
zelleco01,Cody Zeller,2020-21,CHO
zelleco01,Cody Zeller,2021-22,POR
zelleco01,Cody Zeller,2022-23,MIA
zelleco01,Cody Zeller,2023-24,NOP
jonesco02,Colby Jones,2023-24,SAC
anthoco01,Cole Anthony,2020-21,ORL
anthoco01,Cole Anthony,2021-22,ORL
anthoco01,Cole Anthony,2022-23,ORL
anthoco01,Cole Anthony,2023-24,ORL
swideco01,Cole Swider,2022-23,LAL
swideco01,Cole Swider,2023-24,MIA
castlco01,Colin Castleton,2023-24,LAL
gilleco01,Collin Gillespie,2023-24,DEN
sextoco01,Collin Sexton,2020-21,CLE
sextoco01,Collin Sexton,2021-22,CLE
sextoco01,Collin Sexton,2022-23,UTA
sextoco01,Collin Sexton,2023-24,UTA
kispeco01,Corey Kispert,2021-22,WAS
kispeco01,Corey Kispert,2022-23,WAS
kispeco01,Corey Kispert,2023-24,WAS
josepco01,Cory Joseph,2020-21,SAC
josepco01,Cory Joseph,2020-21,DET
josepco01,Cory Joseph,2021-22,DET
josepco01,Cory Joseph,2022-23,DET
josepco01,Cory Joseph,2023-24,GSW
portecr01,Craig Porter Jr.,2023-24,CLE
swordcr01,Craig Sword,2021-22,WAS
feliccr01,Cristiano Felício,2020-21,CHI
augusdj01,D.J. Augustin,2020-21,MIL
augusdj01,D.J. Augustin,2020-21,HOU
augusdj01,D.J. Augustin,2021-22,HOU
augusdj01,D.J. Augustin,2021-22,LAL
cartodj01,D.J. Carton,2023-24,TOR
wilsodj01,D.J. Wilson,2020-21,MIL
wilsodj01,D.J. Wilson,2020-21,HOU
wilsodj01,D.J. Wilson,2021-22,TOR
wilsodj01,D.J. Wilson,2023-24,PHI
bertada01,D?vis Bert?ns,2022-23,DAL
bertada01,D?vis Bert?ns,2023-24,OKC
bertada01,D?vis Bert?ns,2023-24,CHO
nixda01,Daishen Nix,2021-22,HOU
nixda01,Daishen Nix,2022-23,HOU
nixda01,Daishen Nix,2023-24,MIN
mathida01,Dakota Mathias,2020-21,PHI
mathida01,Dakota Mathias,2021-22,MEM
bantoda01,Dalano Banton,2021-22,TOR
bantoda01,Dalano Banton,2022-23,TOR
bantoda01,Dalano Banton,2023-24,BOS
bantoda01,Dalano Banton,2023-24,POR
terryda01,Dalen Terry,2022-23,CHI
terryda01,Dalen Terry,2023-24,CHI
jonesda03,Damian Jones,2020-21,PHO
jonesda03,Damian Jones,2020-21,LAL
jonesda03,Damian Jones,2020-21,SAC
jonesda03,Damian Jones,2021-22,SAC
jonesda03,Damian Jones,2022-23,LAL
jonesda03,Damian Jones,2022-23,UTA
jonesda03,Damian Jones,2023-24,CLE
lillada01,Damian Lillard,2020-21,POR
lillada01,Damian Lillard,2021-22,POR
lillada01,Damian Lillard,2022-23,POR
lillada01,Damian Lillard,2023-24,MIL
leeda03,Damion Lee,2020-21,GSW
leeda03,Damion Lee,2021-22,GSW
leeda03,Damion Lee,2022-23,PHO
dotsoda01,Damyean Dotson,2020-21,CLE
dotsoda01,Damyean Dotson,2021-22,NYK
russeda01,D'Angelo Russell,2020-21,MIN
russeda01,D'Angelo Russell,2021-22,MIN
russeda01,D'Angelo Russell,2022-23,MIN
russeda01,D'Angelo Russell,2022-23,LAL
russeda01,D'Angelo Russell,2023-24,LAL
gaffoda01,Daniel Gafford,2020-21,CHI
gaffoda01,Daniel Gafford,2020-21,WAS
gaffoda01,Daniel Gafford,2021-22,WAS
gaffoda01,Daniel Gafford,2022-23,WAS
gaffoda01,Daniel Gafford,2023-24,WAS
gaffoda01,Daniel Gafford,2023-24,DAL
oturuda01,Daniel Oturu,2020-21,LAC
oturuda01,Daniel Oturu,2021-22,TOR
theisda01,Daniel Theis,2020-21,BOS
theisda01,Daniel Theis,2020-21,CHI
theisda01,Daniel Theis,2021-22,HOU
theisda01,Daniel Theis,2021-22,BOS
theisda01,Daniel Theis,2022-23,IND
theisda01,Daniel Theis,2023-24,IND
theisda01,Daniel Theis,2023-24,LAC
gallida01,Danilo Gallinari,2020-21,ATL
gallida01,Danilo Gallinari,2021-22,ATL
gallida01,Danilo Gallinari,2023-24,WAS
gallida01,Danilo Gallinari,2023-24,DET
gallida01,Danilo Gallinari,2023-24,MIL
greenda02,Danny Green,2020-21,PHI
greenda02,Danny Green,2021-22,PHI
greenda02,Danny Green,2022-23,MEM
greenda02,Danny Green,2022-23,CLE
greenda02,Danny Green,2023-24,PHI
exumda01,Dante Exum,2020-21,CLE
exumda01,Dante Exum,2023-24,DAL
houseda01,Danuel House Jr.,2020-21,HOU
houseda01,Danuel House Jr.,2021-22,HOU
houseda01,Danuel House Jr.,2021-22,NYK
houseda01,Danuel House Jr.,2021-22,UTA
houseda01,Danuel House Jr.,2022-23,PHI
houseda01,Danuel House Jr.,2023-24,PHI
jeffrda01,DaQuan Jeffries,2020-21,SAC
jeffrda01,DaQuan Jeffries,2020-21,HOU
jeffrda01,DaQuan Jeffries,2021-22,MEM
jeffrda01,DaQuan Jeffries,2023-24,NYK
saricda01,Dario Šari?,2022-23,PHO
saricda01,Dario Šari?,2022-23,OKC
saricda01,Dario Šari?,2023-24,GSW
saricda01,Dario Šari?,2020-21,PHO
whiteda01,Dariq Whitehead,2023-24,BRK
bazleda01,Darius Bazley,2020-21,OKC
bazleda01,Darius Bazley,2021-22,OKC
bazleda01,Darius Bazley,2022-23,OKC
bazleda01,Darius Bazley,2022-23,PHO
bazleda01,Darius Bazley,2023-24,PHI
bazleda01,Darius Bazley,2023-24,UTA
daysda01,Darius Days,2022-23,HOU
garlada01,Darius Garland,2020-21,CLE
garlada01,Darius Garland,2021-22,CLE
garlada01,Darius Garland,2022-23,CLE
garlada01,Darius Garland,2023-24,CLE
milleda01,Darius Miller,2020-21,OKC
collida01,Darren Collison,2021-22,LAL
dukeda01,David Duke Jr.,2021-22,BRK
dukeda01,David Duke Jr.,2022-23,BRK
dukeda01,David Duke Jr.,2023-24,SAS
johnsda08,David Johnson,2021-22,TOR
nwabada01,David Nwaba,2020-21,HOU
nwabada01,David Nwaba,2021-22,HOU
roddyda01,David Roddy,2022-23,MEM
roddyda01,David Roddy,2023-24,MEM
roddyda01,David Roddy,2023-24,PHO
mitchda01,Davion Mitchell,2021-22,SAC
mitchda01,Davion Mitchell,2022-23,SAC
mitchda01,Davion Mitchell,2023-24,SAC
bertada01,D?vis Bert?ns,2020-21,WAS
bertada01,D?vis Bert?ns,2021-22,WAS
bertada01,D?vis Bert?ns,2021-22,DAL
reedda01,Davon Reed,2021-22,DEN
reedda01,Davon Reed,2022-23,DEN
reedda01,Davon Reed,2022-23,LAL
sharpda01,Day'Ron Sharpe,2021-22,BRK
sharpda01,Day'Ron Sharpe,2022-23,BRK
sharpda01,Day'Ron Sharpe,2023-24,BRK
foxde01,De'Aaron Fox,2020-21,SAC
foxde01,De'Aaron Fox,2021-22,SAC
foxde01,De'Aaron Fox,2022-23,SAC
foxde01,De'Aaron Fox,2023-24,SAC
wadede01,Dean Wade,2020-21,CLE
wadede01,Dean Wade,2021-22,CLE
wadede01,Dean Wade,2022-23,CLE
wadede01,Dean Wade,2023-24,CLE
aytonde01,Deandre Ayton,2020-21,PHO
aytonde01,Deandre Ayton,2021-22,PHO
aytonde01,Deandre Ayton,2022-23,PHO
aytonde01,Deandre Ayton,2023-24,POR
bembrde01,DeAndre' Bembry,2020-21,TOR
bembrde01,DeAndre' Bembry,2021-22,BRK
bembrde01,DeAndre' Bembry,2021-22,MIL
huntede01,De'Andre Hunter,2020-21,ATL
huntede01,De'Andre Hunter,2021-22,ATL
huntede01,De'Andre Hunter,2022-23,ATL
huntede01,De'Andre Hunter,2023-24,ATL
jordade01,DeAndre Jordan,2020-21,BRK
jordade01,DeAndre Jordan,2021-22,LAL
jordade01,DeAndre Jordan,2021-22,PHI
jordade01,DeAndre Jordan,2022-23,DEN
jordade01,DeAndre Jordan,2023-24,DEN
meltode01,De'Anthony Melton,2020-21,MEM
meltode01,De'Anthony Melton,2021-22,MEM
meltode01,De'Anthony Melton,2022-23,PHI
meltode01,De'Anthony Melton,2023-24,PHI
sirvyde01,Deividas Sirvydis,2020-21,DET
sirvyde01,Deividas Sirvydis,2021-22,DET
jarrede01,DeJon Jarreau,2021-22,IND
jarrede01,DeJon Jarreau,2023-24,MEM
murrade01,Dejounte Murray,2020-21,SAS
murrade01,Dejounte Murray,2021-22,SAS
murrade01,Dejounte Murray,2022-23,ATL
murrade01,Dejounte Murray,2023-24,ATL
wrighde01,Delon Wright,2020-21,DET
wrighde01,Delon Wright,2020-21,SAC
wrighde01,Delon Wright,2021-22,ATL
wrighde01,Delon Wright,2022-23,WAS
wrighde01,Delon Wright,2023-24,WAS
wrighde01,Delon Wright,2023-24,MIA
derozde01,DeMar DeRozan,2020-21,SAS
derozde01,DeMar DeRozan,2021-22,CHI
derozde01,DeMar DeRozan,2022-23,CHI
derozde01,DeMar DeRozan,2023-24,CHI
couside01,DeMarcus Cousins,2020-21,HOU
couside01,DeMarcus Cousins,2020-21,LAC
couside01,DeMarcus Cousins,2021-22,MIL
couside01,DeMarcus Cousins,2021-22,DEN
avdijde01,Deni Avdija,2020-21,WAS
avdijde01,Deni Avdija,2021-22,WAS
avdijde01,Deni Avdija,2022-23,WAS
avdijde01,Deni Avdija,2023-24,WAS
schrode01,Dennis Schröder,2020-21,LAL
schrode01,Dennis Schröder,2021-22,BOS
schrode01,Dennis Schröder,2021-22,HOU
schrode01,Dennis Schröder,2022-23,LAL
schrode01,Dennis Schröder,2023-24,TOR
schrode01,Dennis Schröder,2023-24,BRK
smithde03,Dennis Smith Jr.,2020-21,NYK
smithde03,Dennis Smith Jr.,2020-21,DET
smithde03,Dennis Smith Jr.,2021-22,POR
smithde03,Dennis Smith Jr.,2022-23,CHO
smithde03,Dennis Smith Jr.,2023-24,BRK
valende01,Denzel Valentine,2020-21,CHI
valende01,Denzel Valentine,2021-22,CLE
valende01,Denzel Valentine,2021-22,UTA
burtode02,Deonte Burton,2022-23,SAC
livelde01,Dereck Lively II,2023-24,DAL
seabrde01,Dereon Seabron,2022-23,NOP
seabrde01,Dereon Seabron,2023-24,NOP
favorde01,Derrick Favors,2020-21,UTA
favorde01,Derrick Favors,2021-22,OKC
jonesde02,Derrick Jones Jr.,2020-21,POR
jonesde02,Derrick Jones Jr.,2021-22,CHI
jonesde02,Derrick Jones Jr.,2022-23,CHI
jonesde02,Derrick Jones Jr.,2023-24,DAL
rosede01,Derrick Rose,2020-21,DET
rosede01,Derrick Rose,2020-21,NYK
rosede01,Derrick Rose,2021-22,NYK
rosede01,Derrick Rose,2022-23,NYK
rosede01,Derrick Rose,2023-24,MEM
waltode01,Derrick Walton,2021-22,DET
whitede01,Derrick White,2020-21,SAS
whitede01,Derrick White,2021-22,SAS
whitede01,Derrick White,2021-22,BOS
whitede01,Derrick White,2022-23,BOS
whitede01,Derrick White,2023-24,BOS
banede01,Desmond Bane,2020-21,MEM
banede01,Desmond Bane,2021-22,MEM
banede01,Desmond Bane,2022-23,MEM
banede01,Desmond Bane,2023-24,MEM
bookede01,Devin Booker,2020-21,PHO
bookede01,Devin Booker,2021-22,PHO
bookede01,Devin Booker,2022-23,PHO
bookede01,Devin Booker,2023-24,PHO
cannade01,Devin Cannady,2020-21,ORL
cannade01,Devin Cannady,2021-22,ORL
vassede01,Devin Vassell,2020-21,SAS
vassede01,Devin Vassell,2021-22,SAS
vassede01,Devin Vassell,2022-23,SAS
vassede01,Devin Vassell,2023-24,SAS
dotsode01,Devon Dotson,2020-21,CHI
dotsode01,Devon Dotson,2021-22,CHI
dotsode01,Devon Dotson,2022-23,WAS
cacokde01,Devontae Cacok,2020-21,LAL
cacokde01,Devontae Cacok,2021-22,SAS
grahade01,Devonte' Graham,2020-21,CHO
grahade01,Devonte' Graham,2021-22,NOP
grahade01,Devonte' Graham,2022-23,NOP
grahade01,Devonte' Graham,2022-23,SAS
grahade01,Devonte' Graham,2023-24,SAS
dedmode01,Dewayne Dedmon,2020-21,MIA
dedmode01,Dewayne Dedmon,2021-22,MIA
dedmode01,Dewayne Dedmon,2022-23,MIA
dedmode01,Dewayne Dedmon,2022-23,PHI
dennide01,Dexter Dennis,2023-24,DAL
louzama01,Didi Louzada,2020-21,NOP
louzama01,Didi Louzada,2021-22,NOP
louzama01,Didi Louzada,2021-22,POR
brookdi01,Dillon Brooks,2020-21,MEM
brookdi01,Dillon Brooks,2021-22,MEM
brookdi01,Dillon Brooks,2022-23,MEM
brookdi01,Dillon Brooks,2023-24,HOU
hodgedm01,D'Moi Hodge,2023-24,LAL
skapidm01,Dmytro Skapintsev,2023-24,NYK
sabondo01,Domantas Sabonis,2020-21,IND
sabondo01,Domantas Sabonis,2021-22,IND
sabondo01,Domantas Sabonis,2021-22,SAC
sabondo01,Domantas Sabonis,2022-23,SAC
sabondo01,Domantas Sabonis,2023-24,SAC
barlodo01,Dominick Barlow,2022-23,SAS
barlodo01,Dominick Barlow,2023-24,SAS
mitchdo01,Donovan Mitchell,2020-21,UTA
mitchdo01,Donovan Mitchell,2021-22,UTA
mitchdo01,Donovan Mitchell,2022-23,CLE
mitchdo01,Donovan Mitchell,2023-24,CLE
willido02,Donovan Williams,2022-23,ATL
halldo01,Donta Hall,2020-21,ORL
divindo01,Donte DiVincenzo,2020-21,MIL
divindo01,Donte DiVincenzo,2021-22,MIL
divindo01,Donte DiVincenzo,2021-22,SAC
divindo01,Donte DiVincenzo,2022-23,GSW
divindo01,Donte DiVincenzo,2023-24,NYK
finnedo01,Dorian Finney-Smith,2020-21,DAL
finnedo01,Dorian Finney-Smith,2021-22,DAL
finnedo01,Dorian Finney-Smith,2022-23,DAL
finnedo01,Dorian Finney-Smith,2022-23,BRK
finnedo01,Dorian Finney-Smith,2023-24,BRK
mcderdo01,Doug McDermott,2020-21,IND
mcderdo01,Doug McDermott,2021-22,SAS
mcderdo01,Doug McDermott,2022-23,SAS
mcderdo01,Doug McDermott,2023-24,SAS
mcderdo01,Doug McDermott,2023-24,IND
greendr01,Draymond Green,2020-21,GSW
greendr01,Draymond Green,2021-22,GSW
greendr01,Draymond Green,2022-23,GSW
greendr01,Draymond Green,2023-24,GSW
eubandr01,Drew Eubanks,2020-21,SAS
eubandr01,Drew Eubanks,2021-22,SAS
eubandr01,Drew Eubanks,2021-22,POR
eubandr01,Drew Eubanks,2022-23,POR
eubandr01,Drew Eubanks,2023-24,PHO
peterdr01,Drew Peterson,2023-24,BOS
smithdr01,Dru Smith,2022-23,MIA
smithdr01,Dru Smith,2022-23,BRK
smithdr01,Dru Smith,2023-24,MIA
washidu02,Duane Washington Jr.,2021-22,IND
washidu02,Duane Washington Jr.,2022-23,PHO
robindu01,Duncan Robinson,2020-21,MIA
robindu01,Duncan Robinson,2021-22,MIA
robindu01,Duncan Robinson,2022-23,MIA
robindu01,Duncan Robinson,2023-24,MIA
reathdu01,Duop Reath,2023-24,POR
bacondw01,Dwayne Bacon,2020-21,ORL
howardw01,Dwight Howard,2020-21,PHI
howardw01,Dwight Howard,2021-22,LAL
poweldw01,Dwight Powell,2020-21,DAL
poweldw01,Dwight Powell,2021-22,DAL
poweldw01,Dwight Powell,2022-23,DAL
poweldw01,Dwight Powell,2023-24,DAL
windldy01,Dylan Windler,2020-21,CLE
windldy01,Dylan Windler,2021-22,CLE
windldy01,Dylan Windler,2022-23,CLE
windldy01,Dylan Windler,2023-24,NYK
windldy01,Dylan Windler,2023-24,LAL
windldy01,Dylan Windler,2023-24,ATL
daniedy01,Dyson Daniels,2022-23,NOP
daniedy01,Dyson Daniels,2023-24,NOP
liddeej01,E.J. Liddell,2023-24,NOP
davised01,Ed Davis,2020-21,MIN
davised01,Ed Davis,2021-22,CLE
sumneed01,Edmond Sumner,2020-21,IND
sumneed01,Edmond Sumner,2022-23,BRK
paytoel01,Elfrid Payton,2020-21,NYK
paytoel01,Elfrid Payton,2021-22,PHO
bryanel01,Elijah Bryant,2020-21,MIL
hugheel01,Elijah Hughes,2020-21,UTA
hugheel01,Elijah Hughes,2021-22,UTA
hugheel01,Elijah Hughes,2021-22,POR
terryem01,Emanuel Terry,2021-22,PHO
mudiaem01,Emmanuel Mudiay,2021-22,SAC
batesem01,Emoni Bates,2023-24,CLE
kanteen01,Enes Freedom,2020-21,POR
kanteen01,Enes Freedom,2021-22,BOS
bledser01,Eric Bledsoe,2020-21,NOP
bledser01,Eric Bledsoe,2021-22,LAC
gordoer01,Eric Gordon,2020-21,HOU
gordoer01,Eric Gordon,2021-22,HOU
gordoer01,Eric Gordon,2022-23,HOU
gordoer01,Eric Gordon,2022-23,LAC
gordoer01,Eric Gordon,2023-24,PHO
pascher01,Eric Paschall,2020-21,GSW
pascher01,Eric Paschall,2021-22,UTA
ilyaser01,Ersan ?lyasova,2020-21,UTA
mooreet01,E'Twaun Moore,2020-21,PHO
omorueu01,Eugene Omoruyi,2021-22,DAL
omorueu01,Eugene Omoruyi,2022-23,OKC
omorueu01,Eugene Omoruyi,2022-23,DET
omorueu01,Eugene Omoruyi,2023-24,WAS
fournev01,Evan Fournier,2020-21,ORL
fournev01,Evan Fournier,2020-21,BOS
fournev01,Evan Fournier,2021-22,NYK
fournev01,Evan Fournier,2022-23,NYK
fournev01,Evan Fournier,2023-24,NYK
fournev01,Evan Fournier,2023-24,DET
mobleev01,Evan Mobley,2021-22,CLE
mobleev01,Evan Mobley,2022-23,CLE
mobleev01,Evan Mobley,2023-24,CLE
campafa01,Facundo Campazzo,2020-21,DEN
campafa01,Facundo Campazzo,2021-22,DEN
campafa01,Facundo Campazzo,2022-23,DAL
huntfe01,Feron Hunt,2021-22,NYK
petrufi01,Filip Petrušev,2023-24,PHI
petrufi01,Filip Petrušev,2023-24,SAC
jacksfr01,Frank Jackson,2020-21,DET
jacksfr01,Frank Jackson,2021-22,DET
jacksfr01,Frank Jackson,2022-23,UTA
kaminfr01,Frank Kaminsky,2020-21,PHO
kaminfr01,Frank Kaminsky,2021-22,PHO
kaminfr01,Frank Kaminsky,2022-23,ATL
kaminfr01,Frank Kaminsky,2022-23,HOU
masonfr01,Frank Mason III,2020-21,ORL
ntilila01,Frank Ntilikina,2020-21,NYK
ntilila01,Frank Ntilikina,2021-22,DAL
ntilila01,Frank Ntilikina,2022-23,DAL
ntilila01,Frank Ntilikina,2023-24,CHO
wagnefr01,Franz Wagner,2021-22,ORL
wagnefr01,Franz Wagner,2022-23,ORL
wagnefr01,Franz Wagner,2023-24,ORL
vanvlfr01,Fred VanVleet,2020-21,TOR
vanvlfr01,Fred VanVleet,2021-22,TOR
vanvlfr01,Fred VanVleet,2022-23,TOR
vanvlfr01,Fred VanVleet,2023-24,HOU
gillefr01,Freddie Gillespie,2020-21,TOR
gillefr01,Freddie Gillespie,2021-22,ORL
korkmfu01,Furkan Korkmaz,2020-21,PHI
korkmfu01,Furkan Korkmaz,2021-22,PHI
korkmfu01,Furkan Korkmaz,2022-23,PHI
korkmfu01,Furkan Korkmaz,2023-24,PHI
vincega01,Gabe Vincent,2020-21,MIA
vincega01,Gabe Vincent,2021-22,MIA
vincega01,Gabe Vincent,2022-23,MIA
vincega01,Gabe Vincent,2023-24,LAL
yorkga01,Gabe York,2021-22,IND
yorkga01,Gabe York,2022-23,IND
deckga01,Gabriel Deck,2020-21,OKC
deckga01,Gabriel Deck,2021-22,OKC
lundbga01,Gabriel Lundberg,2021-22,PHO
templga01,Garrett Temple,2020-21,CHI
templga01,Garrett Temple,2021-22,NOP
templga01,Garrett Temple,2022-23,NOP
templga01,Garrett Temple,2023-24,TOR
mathega01,Garrison Mathews,2020-21,WAS
mathega01,Garrison Mathews,2021-22,HOU
mathega01,Garrison Mathews,2022-23,HOU
mathega01,Garrison Mathews,2022-23,ATL
mathega01,Garrison Mathews,2023-24,ATL
clarkga01,Gary Clark,2020-21,ORL
clarkga01,Gary Clark,2020-21,DEN
clarkga01,Gary Clark,2020-21,PHI
clarkga01,Gary Clark,2021-22,NOP
harriga01,Gary Harris,2020-21,DEN
harriga01,Gary Harris,2020-21,ORL
harriga01,Gary Harris,2021-22,ORL
harriga01,Gary Harris,2022-23,ORL
harriga01,Gary Harris,2023-24,ORL
paytoga02,Gary Payton II,2020-21,GSW
paytoga02,Gary Payton II,2021-22,GSW
paytoga02,Gary Payton II,2022-23,POR
paytoga02,Gary Payton II,2022-23,GSW
paytoga02,Gary Payton II,2023-24,GSW
trentga02,Gary Trent Jr.,2020-21,POR
trentga02,Gary Trent Jr.,2020-21,TOR
trentga02,Gary Trent Jr.,2021-22,TOR
trentga02,Gary Trent Jr.,2022-23,TOR
trentga02,Gary Trent Jr.,2023-24,TOR
hillge01,George Hill,2020-21,OKC
hillge01,George Hill,2020-21,PHI
hillge01,George Hill,2021-22,MIL
hillge01,George Hill,2022-23,MIL
hillge01,George Hill,2022-23,IND
kingge03,George King,2021-22,DAL
niangge01,Georges Niang,2020-21,UTA
niangge01,Georges Niang,2021-22,PHI
niangge01,Georges Niang,2022-23,PHI
niangge01,Georges Niang,2023-24,CLE
kalaige01,Georgios Kalaitzakis,2021-22,MIL
kalaige01,Georgios Kalaitzakis,2021-22,OKC
jacksgg01,GG Jackson II,2023-24,MEM
antetgi01,Giannis Antetokounmpo,2020-21,MIL
antetgi01,Giannis Antetokounmpo,2021-22,MIL
antetgi01,Giannis Antetokounmpo,2022-23,MIL
antetgi01,Giannis Antetokounmpo,2023-24,MIL
robingl02,Glenn Robinson III,2020-21,SAC
bitadgo01,Goga Bitadze,2020-21,IND
bitadgo01,Goga Bitadze,2021-22,IND
bitadgo01,Goga Bitadze,2022-23,IND
bitadgo01,Goga Bitadze,2022-23,ORL
bitadgo01,Goga Bitadze,2023-24,ORL
dragigo01,Goran Dragi?,2022-23,CHI
dragigo01,Goran Dragi?,2022-23,MIL
dragigo01,Goran Dragi?,2020-21,MIA
dragigo01,Goran Dragi?,2021-22,TOR
dragigo01,Goran Dragi?,2021-22,BRK
haywago01,Gordon Hayward,2020-21,CHO
haywago01,Gordon Hayward,2021-22,CHO
haywago01,Gordon Hayward,2022-23,CHO
haywago01,Gordon Hayward,2023-24,CHO
haywago01,Gordon Hayward,2023-24,OKC
dienggo01,Gorgui Dieng,2020-21,MEM
dienggo01,Gorgui Dieng,2020-21,SAS
dienggo01,Gorgui Dieng,2021-22,ATL
dienggo01,Gorgui Dieng,2022-23,SAS
dickgr01,Gradey Dick,2023-24,TOR
rillegr01,Grant Riller,2020-21,CHO
willigr01,Grant Williams,2020-21,BOS
willigr01,Grant Williams,2021-22,BOS
willigr01,Grant Williams,2022-23,BOS
willigr01,Grant Williams,2023-24,DAL
willigr01,Grant Williams,2023-24,CHO
allengr01,Grayson Allen,2020-21,MEM
allengr01,Grayson Allen,2021-22,MIL
allengr01,Grayson Allen,2022-23,MIL
allengr01,Grayson Allen,2023-24,PHO
browngr01,Greg Brown III,2021-22,POR
browngr01,Greg Brown III,2022-23,POR
browngr01,Greg Brown III,2023-24,DAL
monrogr01,Greg Monroe,2021-22,MIN
monrogr01,Greg Monroe,2021-22,WAS
monrogr01,Greg Monroe,2021-22,MIL
monrogr01,Greg Monroe,2021-22,UTA
whittgr01,Greg Whittington,2020-21,DEN
santogu01,Gui Santos,2023-24,GSW
diallha01,Hamidou Diallo,2020-21,OKC
diallha01,Hamidou Diallo,2020-21,DET
diallha01,Hamidou Diallo,2021-22,DET
diallha01,Hamidou Diallo,2022-23,DET
diallha01,Hamidou Diallo,2023-24,WAS
barneha02,Harrison Barnes,2020-21,SAC
barneha02,Harrison Barnes,2021-22,SAC
barneha02,Harrison Barnes,2022-23,SAC
barneha02,Harrison Barnes,2023-24,SAC
gilesha01,Harry Giles,2020-21,POR
gilesha01,Harry Giles,2023-24,BRK
gilesha01,Harry Giles,2023-24,LAL
whiteha01,Hassan Whiteside,2020-21,SAC
whiteha01,Hassan Whiteside,2021-22,UTA
graveha01,Hassani Gravett,2021-22,ORL
highsha01,Haywood Highsmith,2021-22,MIA
highsha01,Haywood Highsmith,2022-23,MIA
highsha01,Haywood Highsmith,2023-24,MIA
drellhe01,Henri Drell,2023-24,CHI
ellenhe01,Henry Ellenson,2020-21,TOR
joneshe01,Herbert Jones,2021-22,NOP
joneshe01,Herbert Jones,2022-23,NOP
joneshe01,Herbert Jones,2023-24,NOP
tysonhu01,Hunter Tyson,2023-24,DEN
badjiib01,Ibou Badji,2023-24,POR
brazdig01,Ignas Brazdeikis,2020-21,NYK
brazdig01,Ignas Brazdeikis,2020-21,PHI
brazdig01,Ignas Brazdeikis,2020-21,ORL
brazdig01,Ignas Brazdeikis,2021-22,ORL
shumpim01,Iman Shumpert,2020-21,BRK
quickim01,Immanuel Quickley,2020-21,NYK
quickim01,Immanuel Quickley,2021-22,NYK
quickim01,Immanuel Quickley,2022-23,NYK
quickim01,Immanuel Quickley,2023-24,NYK
quickim01,Immanuel Quickley,2023-24,TOR
bongais01,Isaac Bonga,2020-21,WAS
bongais01,Isaac Bonga,2021-22,TOR
okorois01,Isaac Okoro,2020-21,CLE
okorois01,Isaac Okoro,2021-22,CLE
okorois01,Isaac Okoro,2022-23,CLE
okorois01,Isaac Okoro,2023-24,CLE
harteis01,Isaiah Hartenstein,2020-21,DEN
harteis01,Isaiah Hartenstein,2020-21,CLE
harteis01,Isaiah Hartenstein,2021-22,LAC
harteis01,Isaiah Hartenstein,2022-23,NYK
harteis01,Isaiah Hartenstein,2023-24,NYK
jacksis01,Isaiah Jackson,2021-22,IND
jacksis01,Isaiah Jackson,2022-23,IND
jacksis01,Isaiah Jackson,2023-24,IND
joeis01,Isaiah Joe,2020-21,PHI
joeis01,Isaiah Joe,2021-22,PHI
joeis01,Isaiah Joe,2022-23,OKC
joeis01,Isaiah Joe,2023-24,OKC
liveris01,Isaiah Livers,2021-22,DET
liveris01,Isaiah Livers,2022-23,DET
liveris01,Isaiah Livers,2023-24,DET
mobleis01,Isaiah Mobley,2022-23,CLE
mobleis01,Isaiah Mobley,2023-24,CLE
robyis01,Isaiah Roby,2020-21,OKC
robyis01,Isaiah Roby,2021-22,OKC
robyis01,Isaiah Roby,2022-23,SAS
stewais01,Isaiah Stewart,2020-21,DET
stewais01,Isaiah Stewart,2021-22,DET
stewais01,Isaiah Stewart,2022-23,DET
stewais01,Isaiah Stewart,2023-24,DET
thomais02,Isaiah Thomas,2020-21,NOP
thomais02,Isaiah Thomas,2021-22,LAL
thomais02,Isaiah Thomas,2021-22,DAL
thomais02,Isaiah Thomas,2021-22,CHO
thomais02,Isaiah Thomas,2023-24,PHO
toddis01,Isaiah Todd,2021-22,WAS
toddis01,Isaiah Todd,2022-23,WAS
wongis01,Isaiah Wong,2023-24,IND
smithis01,Ish Smith,2020-21,WAS
smithis01,Ish Smith,2021-22,CHO
smithis01,Ish Smith,2021-22,WAS
smithis01,Ish Smith,2022-23,DEN
smithis01,Ish Smith,2023-24,CHO
wainris01,Ish Wainright,2021-22,PHO
wainris01,Ish Wainright,2022-23,PHO
wainris01,Ish Wainright,2023-24,POR
wainris01,Ish Wainright,2023-24,PHO
zubaciv01,Ivica Zubac,2020-21,LAC
zubaciv01,Ivica Zubac,2021-22,LAC
zubaciv01,Ivica Zubac,2022-23,LAC
zubaciv01,Ivica Zubac,2023-24,LAC
brockiz01,Izaiah Brockington,2023-24,NOP
moranja01,Ja Morant,2020-21,MEM
moranja01,Ja Morant,2021-22,MEM
moranja01,Ja Morant,2022-23,MEM
moranja01,Ja Morant,2023-24,MEM
parkeja01,Jabari Parker,2020-21,SAC
parkeja01,Jabari Parker,2020-21,BOS
parkeja01,Jabari Parker,2021-22,BOS
smithja05,Jabari Smith Jr.,2022-23,HOU
smithja05,Jabari Smith Jr.,2023-24,HOU
walkeja01,Jabari Walker,2022-23,POR
walkeja01,Jabari Walker,2023-24,POR
whiteja03,Jack White,2022-23,DEN
whiteja03,Jack White,2023-24,MEM
gilyaja01,Jacob Gilyard,2022-23,MEM
gilyaja01,Jacob Gilyard,2023-24,MEM
gilyaja01,Jacob Gilyard,2023-24,BRK
toppija01,Jacob Toppin,2023-24,NYK
hardyja02,Jaden Hardy,2022-23,DAL
hardyja02,Jaden Hardy,2023-24,DAL
iveyja01,Jaden Ivey,2022-23,DET
iveyja01,Jaden Ivey,2023-24,DET
mcdanja02,Jaden McDaniels,2020-21,MIN
mcdanja02,Jaden McDaniels,2021-22,MIN
mcdanja02,Jaden McDaniels,2022-23,MIN
mcdanja02,Jaden McDaniels,2023-24,MIN
sprinja01,Jaden Springer,2021-22,PHI
sprinja01,Jaden Springer,2022-23,PHI
sprinja01,Jaden Springer,2023-24,PHI
sprinja01,Jaden Springer,2023-24,BOS
crowdja01,Jae Crowder,2020-21,PHO
crowdja01,Jae Crowder,2021-22,PHO
crowdja01,Jae Crowder,2022-23,MIL
crowdja01,Jae Crowder,2023-24,MIL
tateja01,Jae'Sean Tate,2020-21,HOU
tateja01,Jae'Sean Tate,2021-22,HOU
tateja01,Jae'Sean Tate,2022-23,HOU
tateja01,Jae'Sean Tate,2023-24,HOU
okafoja01,Jahlil Okafor,2020-21,DET
ramseja01,Jahmi'us Ramsey,2020-21,SAC
ramseja01,Jahmi'us Ramsey,2021-22,SAC
ramseja01,Jahmi'us Ramsey,2023-24,TOR
echenja01,Jaime Echenique,2021-22,WAS
jaqueja01,Jaime Jaquez Jr.,2023-24,MIA
sampsja02,JaKarr Sampson,2020-21,IND
laravja01,Jake LaRavia,2022-23,MEM
laravja01,Jake LaRavia,2023-24,MEM
laymaja01,Jake Layman,2020-21,MIN
laymaja01,Jake Layman,2021-22,MIN
poeltja01,Jakob Poeltl,2020-21,SAS
poeltja01,Jakob Poeltl,2021-22,SAS
poeltja01,Jakob Poeltl,2022-23,SAS
poeltja01,Jakob Poeltl,2022-23,TOR
poeltja01,Jakob Poeltl,2023-24,TOR
brunsja01,Jalen Brunson,2020-21,DAL
brunsja01,Jalen Brunson,2021-22,DAL
brunsja01,Jalen Brunson,2022-23,NYK
brunsja01,Jalen Brunson,2023-24,NYK
crutcja01,Jalen Crutcher,2023-24,NOP
durenja01,Jalen Duren,2022-23,DET
durenja01,Jalen Duren,2023-24,DET
greenja05,Jalen Green,2021-22,HOU
greenja05,Jalen Green,2022-23,HOU
greenja05,Jalen Green,2023-24,HOU
harrija01,Jalen Harris,2020-21,TOR
hoodsja01,Jalen Hood-Schifino,2023-24,LAL
johnsja05,Jalen Johnson,2021-22,ATL
johnsja05,Jalen Johnson,2022-23,ATL
johnsja05,Jalen Johnson,2023-24,ATL
lecquja01,Jalen Lecque,2020-21,IND
mcdanja01,Jalen McDaniels,2020-21,CHO
mcdanja01,Jalen McDaniels,2021-22,CHO
mcdanja01,Jalen McDaniels,2022-23,CHO
mcdanja01,Jalen McDaniels,2022-23,PHI
mcdanja01,Jalen McDaniels,2023-24,TOR
pickeja02,Jalen Pickett,2023-24,DEN
slawsja01,Jalen Slawson,2023-24,SAC
smithja04,Jalen Smith,2020-21,PHO
smithja04,Jalen Smith,2021-22,PHO
smithja04,Jalen Smith,2021-22,IND
smithja04,Jalen Smith,2022-23,IND
smithja04,Jalen Smith,2023-24,IND
suggsja01,Jalen Suggs,2021-22,ORL
suggsja01,Jalen Suggs,2022-23,ORL
suggsja01,Jalen Suggs,2023-24,ORL
willija06,Jalen Williams,2022-23,OKC
willija06,Jalen Williams,2023-24,OKC
wilsoja03,Jalen Wilson,2023-24,BRK
cainja01,Jamal Cain,2022-23,MIA
cainja01,Jamal Cain,2023-24,MIA
murraja01,Jamal Murray,2020-21,DEN
murraja01,Jamal Murray,2022-23,DEN
murraja01,Jamal Murray,2023-24,DEN
bouyeja01,Jamaree Bouyea,2022-23,MIA
bouyeja01,Jamaree Bouyea,2022-23,WAS
bouyeja01,Jamaree Bouyea,2023-24,POR
bouyeja01,Jamaree Bouyea,2023-24,SAS
bouknja01,James Bouknight,2021-22,CHO
bouknja01,James Bouknight,2022-23,CHO
bouknja01,James Bouknight,2023-24,CHO
ennisja01,James Ennis III,2020-21,ORL
ennisja01,James Ennis III,2021-22,BRK
ennisja01,James Ennis III,2021-22,LAC
ennisja01,James Ennis III,2021-22,DEN
hardeja01,James Harden,2020-21,HOU
hardeja01,James Harden,2020-21,BRK
hardeja01,James Harden,2021-22,BRK
hardeja01,James Harden,2021-22,PHI
hardeja01,James Harden,2022-23,PHI
hardeja01,James Harden,2023-24,LAC
johnsja01,James Johnson,2020-21,DAL
johnsja01,James Johnson,2020-21,NOP
johnsja01,James Johnson,2021-22,BRK
johnsja01,James Johnson,2022-23,IND
johnsja01,James Johnson,2023-24,IND
nunnaja01,James Nunnally,2020-21,NOP
wisemja01,James Wiseman,2020-21,GSW
wisemja01,James Wiseman,2022-23,GSW
wisemja01,James Wiseman,2022-23,DET
wisemja01,James Wiseman,2023-24,DET
pickeja01,Jamorko Pickett,2021-22,DET
greenja01,JaMychal Green,2020-21,DEN
greenja01,JaMychal Green,2021-22,DEN
greenja01,JaMychal Green,2022-23,GSW
mclauja01,JaQuori McLaughlin,2021-22,DAL
walkeja02,Jarace Walker,2023-24,IND
butleja02,Jared Butler,2021-22,UTA
butleja02,Jared Butler,2022-23,OKC
butleja02,Jared Butler,2023-24,WAS
dudleja01,Jared Dudley,2020-21,LAL
harpeja01,Jared Harper,2020-21,NYK
harpeja01,Jared Harper,2021-22,NOP
rhodeja01,Jared Rhoden,2022-23,DET
rhodeja01,Jared Rhoden,2023-24,DET
jacksja02,Jaren Jackson Jr.,2020-21,MEM
jacksja02,Jaren Jackson Jr.,2021-22,MEM
jacksja02,Jaren Jackson Jr.,2022-23,MEM
jacksja02,Jaren Jackson Jr.,2023-24,MEM
vandeja01,Jarred Vanderbilt,2020-21,MIN
vandeja01,Jarred Vanderbilt,2021-22,MIN
vandeja01,Jarred Vanderbilt,2022-23,UTA
vandeja01,Jarred Vanderbilt,2022-23,LAL
vandeja01,Jarred Vanderbilt,2023-24,LAL
brantja01,Jarrell Brantley,2020-21,UTA
brantja01,Jarrell Brantley,2022-23,UTA
allenja01,Jarrett Allen,2020-21,BRK
allenja01,Jarrett Allen,2020-21,CLE
allenja01,Jarrett Allen,2021-22,CLE
allenja01,Jarrett Allen,2022-23,CLE
allenja01,Jarrett Allen,2023-24,CLE
culveja01,Jarrett Culver,2020-21,MIN
culveja01,Jarrett Culver,2021-22,MEM
culveja01,Jarrett Culver,2022-23,ATL
cumbeja01,Jarron Cumberland,2021-22,POR
prestja01,Jason Preston,2022-23,LAC
prestja01,Jason Preston,2023-24,UTA
mcgeeja01,JaVale McGee,2020-21,CLE
mcgeeja01,JaVale McGee,2020-21,DEN
mcgeeja01,JaVale McGee,2021-22,PHO
mcgeeja01,JaVale McGee,2022-23,DAL
mcgeeja01,JaVale McGee,2023-24,SAC
delauja01,Javin DeLaurier,2021-22,MIL
freemja01,Javon Freeman-Liberty,2023-24,TOR
greenja02,Javonte Green,2020-21,BOS
greenja02,Javonte Green,2020-21,CHI
greenja02,Javonte Green,2021-22,CHI
greenja02,Javonte Green,2022-23,CHI
greenja02,Javonte Green,2023-24,CHI
smartja01,Javonte Smart,2021-22,MIL
smartja01,Javonte Smart,2021-22,MIA
smartja01,Javonte Smart,2023-24,PHI
hayesja02,Jaxson Hayes,2020-21,NOP
hayesja02,Jaxson Hayes,2021-22,NOP
hayesja02,Jaxson Hayes,2022-23,NOP
hayesja02,Jaxson Hayes,2023-24,LAL
huffja01,Jay Huff,2021-22,LAL
huffja01,Jay Huff,2022-23,WAS
huffja01,Jay Huff,2023-24,DEN
scrubja01,Jay Scrubb,2020-21,LAC
scrubja01,Jay Scrubb,2021-22,LAC
scrubja01,Jay Scrubb,2022-23,ORL
adamsja01,Jaylen Adams,2020-21,MIL
brownja02,Jaylen Brown,2020-21,BOS
brownja02,Jaylen Brown,2021-22,BOS
brownja02,Jaylen Brown,2022-23,BOS
brownja02,Jaylen Brown,2023-24,BOS
hoardja01,Jaylen Hoard,2020-21,OKC
hoardja01,Jaylen Hoard,2021-22,OKC
morrija01,Jaylen Morris,2021-22,SAS
nowelja01,Jaylen Nowell,2020-21,MIN
nowelja01,Jaylen Nowell,2021-22,MIN
nowelja01,Jaylen Nowell,2022-23,MIN
nowelja01,Jaylen Nowell,2023-24,MEM
nowelja01,Jaylen Nowell,2023-24,DET
willija07,Jaylin Williams,2022-23,OKC
willija07,Jaylin Williams,2023-24,OKC
paigeja01,Jaysean Paige,2021-22,DET
tatumja01,Jayson Tatum,2020-21,BOS
tatumja01,Jayson Tatum,2021-22,BOS
tatumja01,Jayson Tatum,2022-23,BOS
tatumja01,Jayson Tatum,2023-24,BOS
davisjd01,JD Davison,2022-23,BOS
davisjd01,JD Davison,2023-24,BOS
willije02,Jeenathan Williams,2022-23,POR
willije02,Jeenathan Williams,2023-24,HOU
dowtije01,Jeff Dowtin,2021-22,GSW
dowtije01,Jeff Dowtin,2021-22,MIL
dowtije01,Jeff Dowtin,2021-22,ORL
dowtije01,Jeff Dowtin,2022-23,TOR
dowtije01,Jeff Dowtin,2023-24,PHI
greenje02,Jeff Green,2020-21,BRK
greenje02,Jeff Green,2021-22,DEN
greenje02,Jeff Green,2022-23,DEN
greenje02,Jeff Green,2023-24,HOU
teaguje01,Jeff Teague,2020-21,BOS
teaguje01,Jeff Teague,2020-21,MIL
jonesje01,Jemerrio Jones,2021-22,LAL
grantje01,Jerami Grant,2020-21,DET
grantje01,Jerami Grant,2021-22,DET
grantje01,Jerami Grant,2022-23,POR
grantje01,Jerami Grant,2023-24,POR
martije02,Jeremiah Martin,2020-21,CLE
robinje02,Jeremiah Robinson-Earl,2021-22,OKC
robinje02,Jeremiah Robinson-Earl,2022-23,OKC
robinje02,Jeremiah Robinson-Earl,2023-24,NOP
lambje01,Jeremy Lamb,2020-21,IND
lambje01,Jeremy Lamb,2021-22,IND
lambje01,Jeremy Lamb,2021-22,SAC
sochaje01,Jeremy Sochan,2022-23,SAS
sochaje01,Jeremy Sochan,2023-24,SAS
simsje01,Jericho Sims,2021-22,NYK
simsje01,Jericho Sims,2022-23,NYK
simsje01,Jericho Sims,2023-24,NYK
samueje01,Jermaine Samuels,2023-24,HOU
robinje01,Jerome Robinson,2020-21,WAS
robinje01,Jerome Robinson,2023-24,GSW
howarje01,Jett Howard,2023-24,ORL
carteje01,Jevon Carter,2020-21,PHO
carteje01,Jevon Carter,2021-22,BRK
carteje01,Jevon Carter,2021-22,MIL
carteje01,Jevon Carter,2022-23,MIL
carteje01,Jevon Carter,2023-24,CHI
butleji01,Jimmy Butler,2020-21,MIA
butleji01,Jimmy Butler,2021-22,MIA
butleji01,Jimmy Butler,2022-23,MIA
butleji01,Jimmy Butler,2023-24,MIA
redicjj01,JJ Redick,2020-21,NOP
redicjj01,JJ Redick,2020-21,DAL
landajo01,Jock Landale,2021-22,SAS
landajo01,Jock Landale,2022-23,PHO
landajo01,Jock Landale,2023-24,HOU
harrijo01,Joe Harris,2020-21,BRK
harrijo01,Joe Harris,2021-22,BRK
harrijo01,Joe Harris,2022-23,BRK
harrijo01,Joe Harris,2023-24,DET
inglejo01,Joe Ingles,2020-21,UTA
inglejo01,Joe Ingles,2021-22,UTA
inglejo01,Joe Ingles,2022-23,MIL
inglejo01,Joe Ingles,2023-24,ORL
johnsjo02,Joe Johnson,2021-22,BOS
wieskjo01,Joe Wieskamp,2021-22,SAS
wieskjo01,Joe Wieskamp,2022-23,TOR
ayayijo01,Joel Ayayi,2021-22,WAS
embiijo01,Joel Embiid,2020-21,PHI
embiijo01,Joel Embiid,2021-22,PHI
embiijo01,Joel Embiid,2022-23,PHI
embiijo01,Joel Embiid,2023-24,PHI
butlejo01,John Butler,2022-23,POR
collijo01,John Collins,2020-21,ATL
collijo01,John Collins,2021-22,ATL
collijo01,John Collins,2022-23,ATL
collijo01,John Collins,2023-24,UTA
konchjo01,John Konchar,2020-21,MEM
konchjo01,John Konchar,2021-22,MEM
konchjo01,John Konchar,2022-23,MEM
konchjo01,John Konchar,2023-24,MEM
walljo01,John Wall,2020-21,HOU
walljo01,John Wall,2022-23,LAC
davisjo06,Johnny Davis,2022-23,WAS
davisjo06,Johnny Davis,2023-24,WAS
juzanjo01,Johnny Juzang,2022-23,UTA
juzanjo01,Johnny Juzang,2023-24,UTA
teskejo01,Jon Teske,2021-22,MEM
valanjo01,Jonas Valan?i?nas,2022-23,NOP
valanjo01,Jonas Valan?i?nas,2023-24,NOP
valanjo01,Jonas Valan?i?nas,2020-21,MEM
valanjo01,Jonas Valan?i?nas,2021-22,NOP
isaacjo01,Jonathan Isaac,2022-23,ORL
isaacjo01,Jonathan Isaac,2023-24,ORL
kuminjo01,Jonathan Kuminga,2021-22,GSW
kuminjo01,Jonathan Kuminga,2022-23,GSW
kuminjo01,Jonathan Kuminga,2023-24,GSW
portejo01,Jontay Porter,2020-21,MEM
portejo01,Jontay Porter,2023-24,TOR
belljo01,Jordan Bell,2020-21,WAS
belljo01,Jordan Bell,2020-21,GSW
belljo01,Jordan Bell,2021-22,CHI
bonejo01,Jordan Bone,2020-21,ORL
clarkjo01,Jordan Clarkson,2020-21,UTA
clarkjo01,Jordan Clarkson,2021-22,UTA
clarkjo01,Jordan Clarkson,2022-23,UTA
clarkjo01,Jordan Clarkson,2023-24,UTA
fordjo01,Jordan Ford,2023-24,SAC
goodwjo01,Jordan Goodwin,2021-22,WAS
goodwjo01,Jordan Goodwin,2022-23,WAS
goodwjo01,Jordan Goodwin,2023-24,PHO
goodwjo01,Jordan Goodwin,2023-24,MEM
halljo02,Jordan Hall,2022-23,SAS
hawkijo01,Jordan Hawkins,2023-24,NOP
mclaujo01,Jordan McLaughlin,2020-21,MIN
mclaujo01,Jordan McLaughlin,2021-22,MIN
mclaujo01,Jordan McLaughlin,2022-23,MIN
mclaujo01,Jordan McLaughlin,2023-24,MIN
millejo02,Jordan Miller,2023-24,LAC
nworajo01,Jordan Nwora,2020-21,MIL
nworajo01,Jordan Nwora,2021-22,MIL
nworajo01,Jordan Nwora,2022-23,MIL
nworajo01,Jordan Nwora,2022-23,IND
nworajo01,Jordan Nwora,2023-24,IND
nworajo01,Jordan Nwora,2023-24,TOR
poolejo01,Jordan Poole,2020-21,GSW
poolejo01,Jordan Poole,2021-22,GSW
poolejo01,Jordan Poole,2022-23,GSW
poolejo01,Jordan Poole,2023-24,WAS
schakjo01,Jordan Schakel,2021-22,WAS
schakjo01,Jordan Schakel,2022-23,WAS
walshjo01,Jordan Walsh,2023-24,BOS
alvarjo01,Jose Alvarado,2021-22,NOP
alvarjo01,Jose Alvarado,2022-23,NOP
alvarjo01,Jose Alvarado,2023-24,NOP
chrisjo01,Josh Christopher,2021-22,HOU
chrisjo01,Josh Christopher,2022-23,HOU
giddejo01,Josh Giddey,2021-22,OKC
giddejo01,Josh Giddey,2022-23,OKC
giddejo01,Josh Giddey,2023-24,OKC
greenjo02,Josh Green,2020-21,DAL
greenjo02,Josh Green,2021-22,DAL
greenjo02,Josh Green,2022-23,DAL
greenjo02,Josh Green,2023-24,DAL
halljo01,Josh Hall,2020-21,OKC
hartjo01,Josh Hart,2020-21,NOP
hartjo01,Josh Hart,2021-22,NOP
hartjo01,Josh Hart,2021-22,POR
hartjo01,Josh Hart,2022-23,POR
hartjo01,Josh Hart,2022-23,NYK
hartjo01,Josh Hart,2023-24,NYK
jacksjo02,Josh Jackson,2020-21,DET
jacksjo02,Josh Jackson,2021-22,DET
jacksjo02,Josh Jackson,2021-22,SAC
minotjo01,Josh Minott,2022-23,MIN
minotjo01,Josh Minott,2023-24,MIN
okogijo01,Josh Okogie,2020-21,MIN
okogijo01,Josh Okogie,2021-22,MIN
okogijo01,Josh Okogie,2022-23,PHO
okogijo01,Josh Okogie,2023-24,PHO
richajo01,Josh Richardson,2020-21,DAL
richajo01,Josh Richardson,2021-22,BOS
richajo01,Josh Richardson,2021-22,SAS
richajo01,Josh Richardson,2022-23,SAS
richajo01,Josh Richardson,2022-23,NOP
richajo01,Josh Richardson,2023-24,MIA
primojo01,Joshua Primo,2021-22,SAS
primojo01,Joshua Primo,2022-23,SAS
primojo01,Joshua Primo,2023-24,LAC
holidjr01,Jrue Holiday,2020-21,MIL
holidjr01,Jrue Holiday,2021-22,MIL
holidjr01,Jrue Holiday,2022-23,MIL
holidjr01,Jrue Holiday,2023-24,BOS
thorjt01,JT Thor,2021-22,CHO
thorjt01,JT Thor,2022-23,CHO
thorjt01,JT Thor,2023-24,CHO
toscaju01,Juan Toscano-Anderson,2020-21,GSW
toscaju01,Juan Toscano-Anderson,2021-22,GSW
toscaju01,Juan Toscano-Anderson,2022-23,LAL
toscaju01,Juan Toscano-Anderson,2022-23,UTA
toscaju01,Juan Toscano-Anderson,2023-24,SAC
hernaju01,Juancho Hernangómez,2020-21,MIN
hernaju01,Juancho Hernangómez,2021-22,BOS
hernaju01,Juancho Hernangómez,2021-22,SAS
hernaju01,Juancho Hernangómez,2021-22,UTA
hernaju01,Juancho Hernangómez,2022-23,TOR
bernaju01,Jules Bernard,2023-24,WAS
champju02,Julian Champagnie,2022-23,PHI
champju02,Julian Champagnie,2022-23,SAS
champju02,Julian Champagnie,2023-24,SAS
phillju01,Julian Phillips,2023-24,CHI
strawju01,Julian Strawther,2023-24,DEN
randlju01,Julius Randle,2020-21,NYK
randlju01,Julius Randle,2021-22,NYK
randlju01,Julius Randle,2022-23,NYK
randlju01,Julius Randle,2023-24,NYK
anderju01,Justin Anderson,2021-22,CLE
anderju01,Justin Anderson,2021-22,IND
champju01,Justin Champagnie,2021-22,TOR
champju01,Justin Champagnie,2022-23,TOR
champju01,Justin Champagnie,2022-23,BOS
champju01,Justin Champagnie,2023-24,WAS
holidju01,Justin Holiday,2020-21,IND
holidju01,Justin Holiday,2021-22,IND
holidju01,Justin Holiday,2021-22,SAC
holidju01,Justin Holiday,2022-23,ATL
holidju01,Justin Holiday,2022-23,DAL
holidju01,Justin Holiday,2023-24,DEN
jacksju01,Justin Jackson,2020-21,OKC
jacksju01,Justin Jackson,2020-21,MIL
jacksju01,Justin Jackson,2021-22,BOS
jacksju01,Justin Jackson,2021-22,PHO
jacksju01,Justin Jackson,2022-23,BOS
jacksju01,Justin Jackson,2023-24,MIN
jamesju01,Justin James,2020-21,SAC
minayju01,Justin Minaya,2022-23,POR
minayju01,Justin Minaya,2023-24,POR
pattoju01,Justin Patton,2020-21,HOU
robinju01,Justin Robinson,2020-21,OKC
robinju01,Justin Robinson,2021-22,MIL
robinju01,Justin Robinson,2021-22,SAC
robinju01,Justin Robinson,2021-22,DET
winslju01,Justise Winslow,2020-21,MEM
winslju01,Justise Winslow,2021-22,LAC
winslju01,Justise Winslow,2021-22,POR
winslju01,Justise Winslow,2022-23,POR
nurkiju01,Jusuf Nurki?,2022-23,POR
nurkiju01,Jusuf Nurki?,2023-24,PHO
nurkiju01,Jusuf Nurki?,2020-21,POR
nurkiju01,Jusuf Nurki?,2021-22,POR
morgaju01,Juwan Morgan,2020-21,UTA
morgaju01,Juwan Morgan,2021-22,TOR
morgaju01,Juwan Morgan,2021-22,BOS
joneska01,Kai Jones,2021-22,CHO
joneska01,Kai Jones,2022-23,CHO
gateska01,Kaiser Gates,2023-24,NOP
maneka01,Karim Mané,2020-21,ORL
townska01,Karl-Anthony Towns,2020-21,MIN
townska01,Karl-Anthony Towns,2021-22,MIN
townska01,Karl-Anthony Towns,2022-23,MIN
townska01,Karl-Anthony Towns,2023-24,MIN
leonaka01,Kawhi Leonard,2020-21,LAC
leonaka01,Kawhi Leonard,2022-23,LAC
leonaka01,Kawhi Leonard,2023-24,LAC
murrake02,Keegan Murray,2022-23,SAC
murrake02,Keegan Murray,2023-24,SAC
sykeske01,Keifer Sykes,2021-22,IND
bateske01,Keita Bates-Diop,2020-21,SAS
bateske01,Keita Bates-Diop,2021-22,SAS
bateske01,Keita Bates-Diop,2022-23,SAS
bateske01,Keita Bates-Diop,2023-24,PHO
bateske01,Keita Bates-Diop,2023-24,BRK
martike03,Kelan Martin,2020-21,IND
martike03,Kelan Martin,2021-22,IND
martike03,Kelan Martin,2021-22,BOS
johnske04,Keldon Johnson,2020-21,SAS
johnske04,Keldon Johnson,2021-22,SAS
johnske04,Keldon Johnson,2022-23,SAS
johnske04,Keldon Johnson,2023-24,SAS
blevike01,Keljin Blevins,2020-21,POR
blevike01,Keljin Blevins,2021-22,POR
olynyke01,Kelly Olynyk,2020-21,MIA
olynyke01,Kelly Olynyk,2020-21,HOU
olynyke01,Kelly Olynyk,2021-22,DET
olynyke01,Kelly Olynyk,2022-23,UTA
olynyke01,Kelly Olynyk,2023-24,UTA
olynyke01,Kelly Olynyk,2023-24,TOR
oubreke01,Kelly Oubre Jr.,2020-21,GSW
oubreke01,Kelly Oubre Jr.,2021-22,CHO
oubreke01,Kelly Oubre Jr.,2022-23,CHO
oubreke01,Kelly Oubre Jr.,2023-24,PHI
walkeke02,Kemba Walker,2020-21,BOS
walkeke02,Kemba Walker,2021-22,NYK
walkeke02,Kemba Walker,2022-23,DAL
brownke03,Kendall Brown,2022-23,IND
brownke03,Kendall Brown,2023-24,IND
nunnke01,Kendrick Nunn,2020-21,MIA
nunnke01,Kendrick Nunn,2022-23,LAL
nunnke01,Kendrick Nunn,2022-23,WAS
chandke01,Kennedy Chandler,2022-23,MEM
loftoke01,Kenneth Lofton Jr.,2022-23,MEM
loftoke01,Kenneth Lofton Jr.,2023-24,MEM
loftoke01,Kenneth Lofton Jr.,2023-24,PHI
loftoke01,Kenneth Lofton Jr.,2023-24,UTA
willike04,Kenrich Williams,2020-21,OKC
willike04,Kenrich Williams,2021-22,OKC
willike04,Kenrich Williams,2022-23,OKC
willike04,Kenrich Williams,2023-24,OKC
bazemke01,Kent Bazemore,2020-21,GSW
bazemke01,Kent Bazemore,2021-22,LAL
caldwke01,Kentavious Caldwell-Pope,2020-21,LAL
caldwke01,Kentavious Caldwell-Pope,2021-22,WAS
caldwke01,Kentavious Caldwell-Pope,2022-23,DEN
caldwke01,Kentavious Caldwell-Pope,2023-24,DEN
elliske01,Keon Ellis,2022-23,SAC
elliske01,Keon Ellis,2023-24,SAC
johnske07,Keon Johnson,2021-22,LAC
johnske07,Keon Johnson,2021-22,POR
johnske07,Keon Johnson,2022-23,POR
johnske07,Keon Johnson,2023-24,BRK
edwarke02,Kessler Edwards,2021-22,BRK
edwarke02,Kessler Edwards,2022-23,BRK
edwarke02,Kessler Edwards,2022-23,SAC
edwarke02,Kessler Edwards,2023-24,SAC
duranke01,Kevin Durant,2020-21,BRK
duranke01,Kevin Durant,2021-22,BRK
duranke01,Kevin Durant,2022-23,BRK
duranke01,Kevin Durant,2022-23,PHO
duranke01,Kevin Durant,2023-24,PHO
huertke01,Kevin Huerter,2020-21,ATL
huertke01,Kevin Huerter,2021-22,ATL
huertke01,Kevin Huerter,2022-23,SAC
huertke01,Kevin Huerter,2023-24,SAC
knoxke01,Kevin Knox,2020-21,NYK
knoxke01,Kevin Knox,2021-22,NYK
knoxke01,Kevin Knox,2021-22,ATL
knoxke01,Kevin Knox,2022-23,DET
knoxke01,Kevin Knox,2022-23,POR
knoxke01,Kevin Knox,2023-24,DET
loveke01,Kevin Love,2020-21,CLE
loveke01,Kevin Love,2021-22,CLE
loveke01,Kevin Love,2022-23,CLE
loveke01,Kevin Love,2022-23,MIA
loveke01,Kevin Love,2023-24,MIA
pangoke01,Kevin Pangos,2021-22,CLE
porteke02,Kevin Porter Jr.,2020-21,HOU
porteke02,Kevin Porter Jr.,2021-22,HOU
porteke02,Kevin Porter Jr.,2022-23,HOU
harrike01,Kevon Harris,2022-23,ORL
harrike01,Kevon Harris,2023-24,ORL
looneke01,Kevon Looney,2020-21,GSW
looneke01,Kevon Looney,2021-22,GSW
looneke01,Kevon Looney,2022-23,GSW
looneke01,Kevon Looney,2023-24,GSW
johnske08,Keyontae Johnson,2023-24,OKC
georgke01,Keyonte George,2023-24,UTA
birchkh01,Khem Birch,2020-21,ORL
birchkh01,Khem Birch,2020-21,TOR
birchkh01,Khem Birch,2021-22,TOR
birchkh01,Khem Birch,2022-23,TOR
middlkh01,Khris Middleton,2020-21,MIL
middlkh01,Khris Middleton,2021-22,MIL
middlkh01,Khris Middleton,2022-23,MIL
middlkh01,Khris Middleton,2023-24,MIL
thomakh01,Khyri Thomas,2020-21,HOU
hayeski01,Killian Hayes,2020-21,DET
hayeski01,Killian Hayes,2021-22,DET
hayeski01,Killian Hayes,2022-23,DET
hayeski01,Killian Hayes,2023-24,DET
tilliki02,Killian Tillie,2020-21,MEM
tilliki02,Killian Tillie,2021-22,MEM
lewiski01,Kira Lewis Jr.,2020-21,NOP
lewiski01,Kira Lewis Jr.,2021-22,NOP
lewiski01,Kira Lewis Jr.,2022-23,NOP
lewiski01,Kira Lewis Jr.,2023-24,NOP
lewiski01,Kira Lewis Jr.,2023-24,TOR
lewiski01,Kira Lewis Jr.,2023-24,UTA
martike04,KJ Martin,2020-21,HOU
martike04,KJ Martin,2021-22,HOU
martike04,KJ Martin,2022-23,HOU
martike04,KJ Martin,2023-24,LAC
martike04,KJ Martin,2023-24,PHI
thompkl01,Klay Thompson,2021-22,GSW
thompkl01,Klay Thompson,2022-23,GSW
thompkl01,Klay Thompson,2023-24,GSW
brownko01,Kobe Brown,2023-24,LAC
bufkiko01,Kobe Bufkin,2023-24,ATL
simmoko01,Kobi Simmons,2022-23,CHO
simmoko01,Kobi Simmons,2023-24,TOR
antetko01,Kostas Antetokounmpo,2020-21,LAL
dunnkr01,Kris Dunn,2020-21,ATL
dunnkr01,Kris Dunn,2021-22,POR
dunnkr01,Kris Dunn,2022-23,UTA
dunnkr01,Kris Dunn,2023-24,UTA
murrakr01,Kris Murray,2023-24,POR
porzikr01,Kristaps Porzi??is,2022-23,WAS
porzikr01,Kristaps Porzi??is,2023-24,BOS
porzikr01,Kristaps Porzi??is,2020-21,DAL
porzikr01,Kristaps Porzi??is,2021-22,DAL
porzikr01,Kristaps Porzi??is,2021-22,WAS
anderky01,Kyle Anderson,2020-21,MEM
anderky01,Kyle Anderson,2021-22,MEM
anderky01,Kyle Anderson,2022-23,MIN
anderky01,Kyle Anderson,2023-24,MIN
guyky01,Kyle Guy,2020-21,SAC
guyky01,Kyle Guy,2021-22,MIA
kuzmaky01,Kyle Kuzma,2020-21,LAL
kuzmaky01,Kyle Kuzma,2021-22,WAS
kuzmaky01,Kyle Kuzma,2022-23,WAS
kuzmaky01,Kyle Kuzma,2023-24,WAS
lowryky01,Kyle Lowry,2020-21,TOR
lowryky01,Kyle Lowry,2021-22,MIA
lowryky01,Kyle Lowry,2022-23,MIA
lowryky01,Kyle Lowry,2023-24,MIA
lowryky01,Kyle Lowry,2023-24,PHI
irvinky01,Kyrie Irving,2020-21,BRK
irvinky01,Kyrie Irving,2021-22,BRK
irvinky01,Kyrie Irving,2022-23,BRK
irvinky01,Kyrie Irving,2022-23,DAL
irvinky01,Kyrie Irving,2023-24,DAL
okpalkz01,KZ Okpala,2020-21,MIA
okpalkz01,KZ Okpala,2021-22,MIA
okpalkz01,KZ Okpala,2022-23,SAC
stevela01,Lamar Stevens,2020-21,CLE
stevela01,Lamar Stevens,2021-22,CLE
stevela01,Lamar Stevens,2022-23,CLE
stevela01,Lamar Stevens,2023-24,BOS
stevela01,Lamar Stevens,2023-24,MEM
aldrila01,LaMarcus Aldridge,2020-21,SAS
aldrila01,LaMarcus Aldridge,2020-21,BRK
aldrila01,LaMarcus Aldridge,2021-22,BRK
ballla01,LaMelo Ball,2020-21,CHO
ballla01,LaMelo Ball,2021-22,CHO
ballla01,LaMelo Ball,2022-23,CHO
ballla01,LaMelo Ball,2023-24,CHO
stephla01,Lance Stephenson,2021-22,ATL
stephla01,Lance Stephenson,2021-22,IND
shamela01,Landry Shamet,2020-21,BRK
shamela01,Landry Shamet,2021-22,PHO
shamela01,Landry Shamet,2022-23,PHO
shamela01,Landry Shamet,2023-24,WAS
gallola01,Langston Galloway,2020-21,PHO
gallola01,Langston Galloway,2021-22,BRK
gallola01,Langston Galloway,2021-22,MIL
nancela02,Larry Nance Jr.,2020-21,CLE
nancela02,Larry Nance Jr.,2021-22,POR
nancela02,Larry Nance Jr.,2021-22,NOP
nancela02,Larry Nance Jr.,2022-23,NOP
nancela02,Larry Nance Jr.,2023-24,NOP
markkla01,Lauri Markkanen,2020-21,CHI
markkla01,Lauri Markkanen,2021-22,CLE
markkla01,Lauri Markkanen,2022-23,UTA
markkla01,Lauri Markkanen,2023-24,UTA
blackle01,Leaky Black,2023-24,CHO
bolmale01,Leandro Bolmaro,2021-22,MIN
bolmale01,Leandro Bolmaro,2022-23,UTA
jamesle01,LeBron James,2020-21,LAL
jamesle01,LeBron James,2021-22,LAL
jamesle01,LeBron James,2022-23,LAL
jamesle01,LeBron James,2023-24,LAL
millele01,Leonard Miller,2023-24,MIN
quinole01,Lester Quiñones,2022-23,GSW
quinole01,Lester Quiñones,2023-24,GSW
wiggili01,Lindell Wigginton,2021-22,MIL
wiggili01,Lindell Wigginton,2022-23,MIL
wiggili01,Lindell Wigginton,2023-24,MIL
waterli01,Lindy Waters III,2021-22,OKC
waterli01,Lindy Waters III,2022-23,OKC
waterli01,Lindy Waters III,2023-24,OKC
walkelo01,Lonnie Walker IV,2020-21,SAS
walkelo01,Lonnie Walker IV,2021-22,SAS
walkelo01,Lonnie Walker IV,2022-23,LAL
walkelo01,Lonnie Walker IV,2023-24,BRK
balllo01,Lonzo Ball,2020-21,NOP
balllo01,Lonzo Ball,2021-22,CHI
willilo02,Lou Williams,2020-21,LAC
willilo02,Lou Williams,2020-21,ATL
willilo02,Lou Williams,2021-22,ATL
kinglo02,Louis King,2020-21,SAC
kinglo02,Louis King,2021-22,SAC
kinglo02,Louis King,2022-23,PHI
dortlu01,Luguentz Dort,2020-21,OKC
dortlu01,Luguentz Dort,2021-22,OKC
dortlu01,Luguentz Dort,2022-23,OKC
dortlu01,Luguentz Dort,2023-24,OKC
doncilu01,Luka Don?i?,2022-23,DAL
doncilu01,Luka Don?i?,2023-24,DAL
doncilu01,Luka Don?i?,2020-21,DAL
doncilu01,Luka Don?i?,2021-22,DAL
garzalu01,Luka Garza,2021-22,DET
garzalu01,Luka Garza,2022-23,MIN
garzalu01,Luka Garza,2023-24,MIN
samanlu01,Luka Šamani?,2022-23,UTA
samanlu01,Luka Šamani?,2023-24,UTA
samanlu01,Luka Šamani?,2020-21,SAS
kennalu01,Luke Kennard,2020-21,LAC
kennalu01,Luke Kennard,2021-22,LAC
kennalu01,Luke Kennard,2022-23,LAC
kennalu01,Luke Kennard,2022-23,MEM
kennalu01,Luke Kennard,2023-24,MEM
kornelu01,Luke Kornet,2020-21,CHI
kornelu01,Luke Kornet,2020-21,BOS
kornelu01,Luke Kornet,2021-22,CLE
kornelu01,Luke Kornet,2021-22,MIL
kornelu01,Luke Kornet,2021-22,BOS
kornelu01,Luke Kornet,2022-23,BOS
kornelu01,Luke Kornet,2023-24,BOS
walkemj01,M.J. Walker,2021-22,PHO
mccluma01,Mac McClung,2021-22,CHI
mccluma01,Mac McClung,2021-22,LAL
mccluma01,Mac McClung,2022-23,PHI
flynnma01,Malachi Flynn,2020-21,TOR
flynnma01,Malachi Flynn,2021-22,TOR
flynnma01,Malachi Flynn,2022-23,TOR
flynnma01,Malachi Flynn,2023-24,TOR
flynnma01,Malachi Flynn,2023-24,NYK
flynnma01,Malachi Flynn,2023-24,DET
branhma01,Malaki Branham,2022-23,SAS
branhma01,Malaki Branham,2023-24,SAS
brogdma01,Malcolm Brogdon,2020-21,IND
brogdma01,Malcolm Brogdon,2021-22,IND
brogdma01,Malcolm Brogdon,2022-23,BOS
brogdma01,Malcolm Brogdon,2023-24,POR
cazalma01,Malcolm Cazalon,2023-24,DET
hillma01,Malcolm Hill,2021-22,ATL
hillma01,Malcolm Hill,2021-22,CHI
hillma01,Malcolm Hill,2022-23,CHI
beaslma01,Malik Beasley,2020-21,MIN
beaslma01,Malik Beasley,2021-22,MIN
beaslma01,Malik Beasley,2022-23,UTA
beaslma01,Malik Beasley,2022-23,LAL
beaslma01,Malik Beasley,2023-24,MIL
fittsma01,Malik Fitts,2020-21,LAC
fittsma01,Malik Fitts,2021-22,UTA
fittsma01,Malik Fitts,2021-22,BOS
monkma01,Malik Monk,2020-21,CHO
monkma01,Malik Monk,2021-22,LAL
monkma01,Malik Monk,2022-23,SAC
monkma01,Malik Monk,2023-24,SAC
newmama01,Malik Newman,2021-22,CLE
willima11,Malik Williams,2023-24,TOR
diakima01,Mamadi Diakite,2020-21,MIL
diakima01,Mamadi Diakite,2021-22,OKC
diakima01,Mamadi Diakite,2022-23,CLE
diakima01,Mamadi Diakite,2023-24,SAS
diakima01,Mamadi Diakite,2023-24,NYK
pereima01,Mãozinha Pereira,2023-24,MEM
gasolma01,Marc Gasol,2020-21,LAL
garrema01,Marcus Garrett,2021-22,MIA
morrima03,Marcus Morris,2020-21,LAC
morrima03,Marcus Morris,2021-22,LAC
morrima03,Marcus Morris,2022-23,LAC
morrima03,Marcus Morris,2023-24,PHI
morrima03,Marcus Morris,2023-24,CLE
sassema01,Marcus Sasser,2023-24,DET
smartma01,Marcus Smart,2020-21,BOS
smartma01,Marcus Smart,2021-22,BOS
smartma01,Marcus Smart,2022-23,BOS
smartma01,Marcus Smart,2023-24,MEM
beaucma01,MarJon Beauchamp,2022-23,MIL
beaucma01,MarJon Beauchamp,2023-24,MIL
willima07,Mark Williams,2022-23,CHO
willima07,Mark Williams,2023-24,CHO
fultzma01,Markelle Fultz,2020-21,ORL
fultzma01,Markelle Fultz,2021-22,ORL
fultzma01,Markelle Fultz,2022-23,ORL
fultzma01,Markelle Fultz,2023-24,ORL
morrima02,Markieff Morris,2020-21,LAL
morrima02,Markieff Morris,2021-22,MIA
morrima02,Markieff Morris,2022-23,BRK
morrima02,Markieff Morris,2022-23,DAL
morrima02,Markieff Morris,2023-24,DAL
simonma01,Marko Simonovic,2021-22,CHI
simonma01,Marko Simonovic,2022-23,CHI
nowelma01,Markquis Nowell,2023-24,TOR
howarma02,Markus Howard,2020-21,DEN
howarma02,Markus Howard,2021-22,DEN
boldema01,Marques Bolden,2020-21,CLE
boldema01,Marques Bolden,2023-24,MIL
boldema01,Marques Bolden,2023-24,CHO
chrisma01,Marquese Chriss,2020-21,GSW
chrisma01,Marquese Chriss,2021-22,DAL
baglema01,Marvin Bagley III,2020-21,SAC
baglema01,Marvin Bagley III,2021-22,SAC
baglema01,Marvin Bagley III,2021-22,DET
baglema01,Marvin Bagley III,2022-23,DET
baglema01,Marvin Bagley III,2023-24,DET
baglema01,Marvin Bagley III,2023-24,WAS
jonesma05,Mason Jones,2020-21,HOU
jonesma05,Mason Jones,2020-21,PHI
jonesma05,Mason Jones,2021-22,LAL
jonesma05,Mason Jones,2023-24,SAC
plumlma01,Mason Plumlee,2020-21,DET
plumlma01,Mason Plumlee,2021-22,CHO
plumlma01,Mason Plumlee,2022-23,CHO
plumlma01,Mason Plumlee,2022-23,LAC
plumlma01,Mason Plumlee,2023-24,LAC
thybuma01,Matisse Thybulle,2020-21,PHI
thybuma01,Matisse Thybulle,2021-22,PHI
thybuma01,Matisse Thybulle,2022-23,PHI
thybuma01,Matisse Thybulle,2022-23,POR
thybuma01,Matisse Thybulle,2023-24,POR
moonema01,Matt Mooney,2021-22,NYK
ryanma01,Matt Ryan,2021-22,BOS
ryanma01,Matt Ryan,2022-23,LAL
ryanma01,Matt Ryan,2022-23,MIN
ryanma01,Matt Ryan,2023-24,NOP
thomama02,Matt Thomas,2020-21,TOR
thomama02,Matt Thomas,2020-21,UTA
thomama02,Matt Thomas,2021-22,CHI
dellama01,Matthew Dellavedova,2020-21,CLE
dellama01,Matthew Dellavedova,2022-23,SAC
hurtma01,Matthew Hurt,2023-24,MEM
harklma01,Maurice Harkless,2020-21,MIA
harklma01,Maurice Harkless,2020-21,SAC
harklma01,Maurice Harkless,2021-22,SAC
chrisma02,Max Christie,2022-23,LAL
chrisma02,Max Christie,2023-24,LAL
strusma01,Max Strus,2020-21,MIA
strusma01,Max Strus,2021-22,MIA
strusma01,Max Strus,2022-23,MIA
strusma01,Max Strus,2023-24,CLE
klebima01,Maxi Kleber,2020-21,DAL
klebima01,Maxi Kleber,2021-22,DAL
klebima01,Maxi Kleber,2022-23,DAL
klebima01,Maxi Kleber,2023-24,DAL
lewisma05,Maxwell Lewis,2023-24,LAL
wrighmc01,McKinley Wright IV,2021-22,MIN
wrighmc01,McKinley Wright IV,2022-23,DAL
frazime01,Melvin Frazier,2021-22,OKC
leoname01,Meyers Leonard,2020-21,MIA
leoname01,Meyers Leonard,2022-23,MIL
kabenmf01,Mfiondu Kabengele,2020-21,LAC
kabenmf01,Mfiondu Kabengele,2020-21,CLE
kabenmf01,Mfiondu Kabengele,2022-23,BOS
pottemi01,Micah Potter,2021-22,DET
pottemi01,Micah Potter,2022-23,UTA
pottemi01,Micah Potter,2023-24,UTA
cartemi01,Michael Carter-Williams,2020-21,ORL
cartemi01,Michael Carter-Williams,2022-23,ORL
fostemi02,Michael Foster Jr.,2022-23,PHI
portemi01,Michael Porter Jr.,2020-21,DEN
portemi01,Michael Porter Jr.,2021-22,DEN
portemi01,Michael Porter Jr.,2022-23,DEN
portemi01,Michael Porter Jr.,2023-24,DEN
bridgmi01,Mikal Bridges,2020-21,PHO
bridgmi01,Mikal Bridges,2021-22,PHO
bridgmi01,Mikal Bridges,2022-23,PHO
bridgmi01,Mikal Bridges,2022-23,BRK
bridgmi01,Mikal Bridges,2023-24,BRK
conlemi01,Mike Conley,2020-21,UTA
conlemi01,Mike Conley,2021-22,UTA
conlemi01,Mike Conley,2022-23,UTA
conlemi01,Mike Conley,2022-23,MIN
conlemi01,Mike Conley,2023-24,MIN
jamesmi02,Mike James,2020-21,BRK
muscami01,Mike Muscala,2020-21,OKC
muscami01,Mike Muscala,2021-22,OKC
muscami01,Mike Muscala,2022-23,OKC
muscami01,Mike Muscala,2022-23,BOS
muscami01,Mike Muscala,2023-24,WAS
muscami01,Mike Muscala,2023-24,DET
muscami01,Mike Muscala,2023-24,OKC
scottmi01,Mike Scott,2020-21,PHI
bridgmi02,Miles Bridges,2020-21,CHO
bridgmi02,Miles Bridges,2021-22,CHO
bridgmi02,Miles Bridges,2023-24,CHO
mcbrimi01,Miles McBride,2021-22,NYK
mcbrimi01,Miles McBride,2022-23,NYK
mcbrimi01,Miles McBride,2023-24,NYK
robinmi01,Mitchell Robinson,2020-21,NYK
robinmi01,Mitchell Robinson,2021-22,NYK
robinmi01,Mitchell Robinson,2022-23,NYK
robinmi01,Mitchell Robinson,2023-24,NYK
onimi01,Miye Oni,2020-21,UTA
onimi01,Miye Oni,2021-22,UTA
bambamo01,Mo Bamba,2020-21,ORL
bambamo01,Mo Bamba,2021-22,ORL
bambamo01,Mo Bamba,2022-23,ORL
bambamo01,Mo Bamba,2022-23,LAL
bambamo01,Mo Bamba,2023-24,PHI
morrimo01,Monte Morris,2020-21,DEN
morrimo01,Monte Morris,2021-22,DEN
morrimo01,Monte Morris,2022-23,WAS
morrimo01,Monte Morris,2023-24,DET
morrimo01,Monte Morris,2023-24,MIN
harremo01,Montrezl Harrell,2020-21,LAL
harremo01,Montrezl Harrell,2021-22,WAS
harremo01,Montrezl Harrell,2021-22,CHO
harremo01,Montrezl Harrell,2022-23,PHI
wagnemo01,Moritz Wagner,2020-21,WAS
wagnemo01,Moritz Wagner,2020-21,BOS
wagnemo01,Moritz Wagner,2020-21,ORL
wagnemo01,Moritz Wagner,2021-22,ORL
wagnemo01,Moritz Wagner,2022-23,ORL
wagnemo01,Moritz Wagner,2023-24,ORL
brownmo01,Moses Brown,2020-21,OKC
brownmo01,Moses Brown,2021-22,DAL
brownmo01,Moses Brown,2021-22,CLE
brownmo01,Moses Brown,2022-23,LAC
brownmo01,Moses Brown,2022-23,BRK
brownmo01,Moses Brown,2023-24,POR
moodymo01,Moses Moody,2021-22,GSW
moodymo01,Moses Moody,2022-23,GSW
moodymo01,Moses Moody,2023-24,GSW
wrighmo01,Moses Wright,2021-22,LAC
wrighmo01,Moses Wright,2021-22,DAL
gueyemo01,Mouhamadou Gueye,2023-24,TOR
gueyemo02,Mouhamed Gueye,2023-24,ATL
diabamo01,Moussa Diabaté,2022-23,LAC
diabamo01,Moussa Diabaté,2023-24,LAC
muldemy01,Mychal Mulder,2020-21,GSW
muldemy01,Mychal Mulder,2021-22,ORL
muldemy01,Mychal Mulder,2021-22,MIA
powelmy01,Myles Powell,2021-22,PHI
turnemy01,Myles Turner,2020-21,IND
turnemy01,Myles Turner,2021-22,IND
turnemy01,Myles Turner,2022-23,IND
turnemy01,Myles Turner,2023-24,IND
marshna01,Naji Marshall,2020-21,NOP
marshna01,Naji Marshall,2021-22,NOP
marshna01,Naji Marshall,2022-23,NOP
marshna01,Naji Marshall,2023-24,NOP
littlna01,Nassir Little,2020-21,POR
littlna01,Nassir Little,2021-22,POR
littlna01,Nassir Little,2022-23,POR
littlna01,Nassir Little,2023-24,PHO
darlina01,Nate Darling,2020-21,CHO
hintona01,Nate Hinton,2020-21,DAL
hintona01,Nate Hinton,2021-22,IND
hintona01,Nate Hinton,2023-24,HOU
knighna01,Nathan Knight,2020-21,ATL
knighna01,Nathan Knight,2021-22,MIN
knighna01,Nathan Knight,2022-23,MIN
mensana01,Nathan Mensah,2023-24,CHO
reidna01,Naz Reid,2020-21,MIN
reidna01,Naz Reid,2021-22,MIN
reidna01,Naz Reid,2022-23,MIN
reidna01,Naz Reid,2023-24,MIN
quetane01,Neemias Queta,2021-22,SAC
quetane01,Neemias Queta,2022-23,SAC
quetane01,Neemias Queta,2023-24,BOS
bjeline01,Nemanja Bjelica,2020-21,SAC
bjeline01,Nemanja Bjelica,2020-21,MIA
bjeline01,Nemanja Bjelica,2021-22,GSW
noelne01,Nerlens Noel,2020-21,NYK
noelne01,Nerlens Noel,2021-22,NYK
noelne01,Nerlens Noel,2022-23,DET
noelne01,Nerlens Noel,2022-23,BRK
claxtni01,Nic Claxton,2020-21,BRK
claxtni01,Nic Claxton,2021-22,BRK
claxtni01,Nic Claxton,2022-23,BRK
claxtni01,Nic Claxton,2023-24,BRK
richani01,Nick Richards,2020-21,CHO
richani01,Nick Richards,2021-22,CHO
richani01,Nick Richards,2022-23,CHO
richani01,Nick Richards,2023-24,CHO
smithni01,Nick Smith Jr.,2023-24,CHO
alexani01,Nickeil Alexander-Walker,2020-21,NOP
alexani01,Nickeil Alexander-Walker,2021-22,NOP
alexani01,Nickeil Alexander-Walker,2021-22,UTA
alexani01,Nickeil Alexander-Walker,2022-23,UTA
alexani01,Nickeil Alexander-Walker,2022-23,MIN
alexani01,Nickeil Alexander-Walker,2023-24,MIN
mannini01,Nico Mannion,2020-21,GSW
batumni01,Nicolas Batum,2020-21,LAC
batumni01,Nicolas Batum,2021-22,LAC
batumni01,Nicolas Batum,2022-23,LAC
batumni01,Nicolas Batum,2023-24,LAC
batumni01,Nicolas Batum,2023-24,PHI
mellini01,Nicolò Melli,2020-21,NOP
mellini01,Nicolò Melli,2020-21,DAL
stausni01,Nik Stauskas,2021-22,MIA
stausni01,Nik Stauskas,2021-22,BOS
jokicni01,Nikola Joki?,2022-23,DEN
jokicni01,Nikola Joki?,2023-24,DEN
jokicni01,Nikola Joki?,2020-21,DEN
jokicni01,Nikola Joki?,2021-22,DEN
jovicni01,Nikola Jovi?,2022-23,MIA
jovicni01,Nikola Jovi?,2023-24,MIA
vucevni01,Nikola Vu?evi?,2022-23,CHI
vucevni01,Nikola Vu?evi?,2023-24,CHI
vucevni01,Nikola Vu?evi?,2020-21,ORL
vucevni01,Nikola Vu?evi?,2020-21,CHI
vucevni01,Nikola Vu?evi?,2021-22,CHI
clownno01,Noah Clowney,2023-24,BRK
vonleno01,Noah Vonleh,2020-21,BRK
vonleno01,Noah Vonleh,2022-23,BOS
powelno01,Norman Powell,2020-21,TOR
powelno01,Norman Powell,2020-21,POR
powelno01,Norman Powell,2021-22,POR
powelno01,Norman Powell,2021-22,LAC
powelno01,Norman Powell,2022-23,LAC
powelno01,Norman Powell,2023-24,LAC
pelleno01,Norvel Pelle,2020-21,BRK
pelleno01,Norvel Pelle,2020-21,SAC
pelleno01,Norvel Pelle,2020-21,NYK
pelleno01,Norvel Pelle,2021-22,UTA
toppiob01,Obi Toppin,2020-21,NYK
toppiob01,Obi Toppin,2021-22,NYK
toppiob01,Obi Toppin,2022-23,NYK
toppiob01,Obi Toppin,2023-24,IND
agbajoc01,Ochai Agbaji,2022-23,UTA
agbajoc01,Ochai Agbaji,2023-24,UTA
agbajoc01,Ochai Agbaji,2023-24,TOR
anunoog01,OG Anunoby,2020-21,TOR
anunoog01,OG Anunoby,2021-22,TOR
anunoog01,OG Anunoby,2022-23,TOR
anunoog01,OG Anunoby,2023-24,TOR
anunoog01,OG Anunoby,2023-24,NYK
sarrol01,Olivier Sarr,2021-22,OKC
sarrol01,Olivier Sarr,2022-23,OKC
sarrol01,Olivier Sarr,2023-24,OKC
prospol01,Olivier-Maxence Prosper,2023-24,DAL
yurtsom01,Omer Yurtseven,2021-22,MIA
yurtsom01,Omer Yurtseven,2022-23,MIA
yurtsom01,Omer Yurtseven,2023-24,UTA
bitimon01,Onuralp Bitim,2023-24,CHI
okongon01,Onyeka Okongwu,2020-21,ATL
okongon01,Onyeka Okongwu,2021-22,ATL
okongon01,Onyeka Okongwu,2022-23,ATL
okongon01,Onyeka Okongwu,2023-24,ATL
robinor01,Orlando Robinson,2022-23,MIA
robinor01,Orlando Robinson,2023-24,MIA
tshieos01,Oscar Tshiebwe,2023-24,IND
brissos01,Oshae Brissett,2020-21,IND
brissos01,Oshae Brissett,2021-22,IND
brissos01,Oshae Brissett,2022-23,IND
brissos01,Oshae Brissett,2023-24,BOS
porteot01,Otto Porter Jr.,2020-21,CHI
porteot01,Otto Porter Jr.,2020-21,ORL
porteot01,Otto Porter Jr.,2021-22,GSW
porteot01,Otto Porter Jr.,2022-23,TOR
porteot01,Otto Porter Jr.,2023-24,TOR
diengou01,Ousmane Dieng,2022-23,OKC
diengou01,Ousmane Dieng,2023-24,OKC
tuckepj01,P.J. Tucker,2020-21,HOU
tuckepj01,P.J. Tucker,2020-21,MIL
tuckepj01,P.J. Tucker,2021-22,MIA
tuckepj01,P.J. Tucker,2022-23,PHI
tuckepj01,P.J. Tucker,2023-24,PHI
tuckepj01,P.J. Tucker,2023-24,LAC
washipj01,P.J. Washington,2020-21,CHO
washipj01,P.J. Washington,2021-22,CHO
washipj01,P.J. Washington,2022-23,CHO
washipj01,P.J. Washington,2023-24,CHO
washipj01,P.J. Washington,2023-24,DAL
banchpa01,Paolo Banchero,2022-23,ORL
banchpa01,Paolo Banchero,2023-24,ORL
basspa01,Paris Bass,2021-22,PHO
siakapa01,Pascal Siakam,2020-21,TOR
siakapa01,Pascal Siakam,2021-22,TOR
siakapa01,Pascal Siakam,2022-23,TOR
siakapa01,Pascal Siakam,2023-24,TOR
siakapa01,Pascal Siakam,2023-24,IND
connapa01,Pat Connaughton,2020-21,MIL
connapa01,Pat Connaughton,2021-22,MIL
connapa01,Pat Connaughton,2022-23,MIL
connapa01,Pat Connaughton,2023-24,MIL
spencpa01,Pat Spencer,2023-24,GSW
baldwpa01,Patrick Baldwin Jr.,2022-23,GSW
baldwpa01,Patrick Baldwin Jr.,2023-24,WAS
beverpa01,Patrick Beverley,2020-21,LAC
beverpa01,Patrick Beverley,2021-22,MIN
beverpa01,Patrick Beverley,2022-23,LAL
beverpa01,Patrick Beverley,2022-23,CHI
beverpa01,Patrick Beverley,2023-24,PHI
beverpa01,Patrick Beverley,2023-24,MIL
mccawpa01,Patrick McCaw,2020-21,TOR
pattepa01,Patrick Patterson,2020-21,LAC
willipa01,Patrick Williams,2020-21,CHI
willipa01,Patrick Williams,2021-22,CHI
willipa01,Patrick Williams,2022-23,CHI
willipa01,Patrick Williams,2023-24,CHI
millspa02,Patty Mills,2020-21,SAS
millspa02,Patty Mills,2021-22,BRK
millspa02,Patty Mills,2022-23,BRK
millspa02,Patty Mills,2023-24,ATL
millspa02,Patty Mills,2023-24,MIA
georgpa01,Paul George,2020-21,LAC
georgpa01,Paul George,2021-22,LAC
georgpa01,Paul George,2022-23,LAC
georgpa01,Paul George,2023-24,LAC
millspa01,Paul Millsap,2020-21,DEN
millspa01,Paul Millsap,2021-22,BRK
millspa01,Paul Millsap,2021-22,PHI
reedpa01,Paul Reed,2020-21,PHI
reedpa01,Paul Reed,2021-22,PHI
reedpa01,Paul Reed,2022-23,PHI
reedpa01,Paul Reed,2023-24,PHI
watsopa01,Paul Watson,2020-21,TOR
watsopa01,Paul Watson,2021-22,OKC
pritcpa01,Payton Pritchard,2020-21,BOS
pritcpa01,Payton Pritchard,2021-22,BOS
pritcpa01,Payton Pritchard,2022-23,BOS
pritcpa01,Payton Pritchard,2023-24,BOS
nancepe01,Pete Nance,2023-24,CLE
cornepe01,Petr Cornelie,2021-22,DEN
watsope01,Peyton Watson,2022-23,DEN
watsope01,Peyton Watson,2023-24,DEN
doziepj01,PJ Dozier,2020-21,DEN
doziepj01,PJ Dozier,2021-22,DEN
doziepj01,PJ Dozier,2022-23,SAC
achiupr01,Precious Achiuwa,2020-21,MIA
achiupr01,Precious Achiuwa,2021-22,TOR
achiupr01,Precious Achiuwa,2022-23,TOR
achiupr01,Precious Achiuwa,2023-24,TOR
achiupr01,Precious Achiuwa,2023-24,NYK
grimequ01,Quentin Grimes,2021-22,NYK
grimequ01,Quentin Grimes,2022-23,NYK
grimequ01,Quentin Grimes,2023-24,NYK
grimequ01,Quentin Grimes,2023-24,DET
jacksqu01,Quenton Jackson,2022-23,WAS
jacksqu01,Quenton Jackson,2023-24,IND
cookqu01,Quinn Cook,2020-21,LAL
cookqu01,Quinn Cook,2020-21,CLE
weathqu01,Quinndary Weatherspoon,2020-21,SAS
weathqu01,Quinndary Weatherspoon,2021-22,GSW
hamptrj01,R.J. Hampton,2020-21,DEN
hamptrj01,R.J. Hampton,2020-21,ORL
hamptrj01,R.J. Hampton,2021-22,ORL
hamptrj01,R.J. Hampton,2022-23,ORL
hamptrj01,R.J. Hampton,2022-23,DET
hamptrj01,R.J. Hampton,2023-24,MIA
grayra01,RaiQuan Gray,2022-23,BRK
grayra01,RaiQuan Gray,2023-24,SAS
rondora01,Rajon Rondo,2020-21,ATL
rondora01,Rajon Rondo,2020-21,LAC
rondora01,Rajon Rondo,2021-22,LAL
rondora01,Rajon Rondo,2021-22,CLE
netora01,Raul Neto,2020-21,WAS
netora01,Raul Neto,2021-22,WAS
netora01,Raul Neto,2022-23,CLE
spaldra01,Ray Spalding,2020-21,HOU
ruperra01,Rayan Rupert,2023-24,POR
tuckera01,Rayjon Tucker,2020-21,PHI
tuckera01,Rayjon Tucker,2021-22,DEN
tuckera01,Rayjon Tucker,2021-22,MIL
bullore01,Reggie Bullock,2020-21,NYK
bullore01,Reggie Bullock,2021-22,DAL
bullore01,Reggie Bullock,2022-23,DAL
bullore01,Reggie Bullock,2023-24,HOU
jacksre01,Reggie Jackson,2020-21,LAC
jacksre01,Reggie Jackson,2021-22,LAC
jacksre01,Reggie Jackson,2022-23,LAC
jacksre01,Reggie Jackson,2022-23,DEN
jacksre01,Reggie Jackson,2023-24,DEN
perryre01,Reggie Perry,2020-21,BRK
perryre01,Reggie Perry,2021-22,POR
perryre01,Reggie Perry,2021-22,IND
holmeri01,Richaun Holmes,2020-21,SAC
holmeri01,Richaun Holmes,2021-22,SAC
holmeri01,Richaun Holmes,2022-23,SAC
holmeri01,Richaun Holmes,2023-24,DAL
holmeri01,Richaun Holmes,2023-24,WAS
councri01,Ricky Council IV,2023-24,PHI
rubiori01,Ricky Rubio,2020-21,MIN
rubiori01,Ricky Rubio,2021-22,CLE
rubiori01,Ricky Rubio,2022-23,CLE
barrerj01,RJ Barrett,2020-21,NYK
barrerj01,RJ Barrett,2021-22,NYK
barrerj01,RJ Barrett,2022-23,NYK
barrerj01,RJ Barrett,2023-24,NYK
barrerj01,RJ Barrett,2023-24,TOR
nembhrj01,RJ Nembhard Jr.,2021-22,CLE
edwarro01,Rob Edwards,2021-22,OKC
covinro01,Robert Covington,2020-21,POR
covinro01,Robert Covington,2021-22,POR
covinro01,Robert Covington,2021-22,LAC
covinro01,Robert Covington,2022-23,LAC
covinro01,Robert Covington,2023-24,LAC
covinro01,Robert Covington,2023-24,PHI
frankro01,Robert Franks,2020-21,ORL
williro04,Robert Williams,2020-21,BOS
williro04,Robert Williams,2021-22,BOS
williro04,Robert Williams,2022-23,BOS
williro04,Robert Williams,2023-24,POR
woodaro01,Robert Woodard II,2020-21,SAC
woodaro01,Robert Woodard II,2021-22,SAC
lopezro01,Robin Lopez,2020-21,WAS
lopezro01,Robin Lopez,2021-22,ORL
lopezro01,Robin Lopez,2022-23,CLE
lopezro01,Robin Lopez,2023-24,MIL
kurucro01,Rodions Kurucs,2020-21,BRK
kurucro01,Rodions Kurucs,2020-21,HOU
kurucro01,Rodions Kurucs,2020-21,MIL
hoodro01,Rodney Hood,2020-21,POR
hoodro01,Rodney Hood,2020-21,TOR
hoodro01,Rodney Hood,2021-22,MIL
hoodro01,Rodney Hood,2021-22,LAC
mcgruro01,Rodney McGruder,2020-21,DET
mcgruro01,Rodney McGruder,2021-22,DET
mcgruro01,Rodney McGruder,2022-23,DET
langfro01,Romeo Langford,2020-21,BOS
langfro01,Romeo Langford,2021-22,BOS
langfro01,Romeo Langford,2021-22,SAS
langfro01,Romeo Langford,2022-23,SAS
harpero02,Ron Harper Jr.,2022-23,TOR
harpero02,Ron Harper Jr.,2023-24,TOR
holliro01,Rondae Hollis-Jefferson,2020-21,POR
onealro01,Royce O'Neale,2020-21,UTA
onealro01,Royce O'Neale,2021-22,UTA
onealro01,Royce O'Neale,2022-23,BRK
onealro01,Royce O'Neale,2023-24,BRK
onealro01,Royce O'Neale,2023-24,PHO
gayru01,Rudy Gay,2020-21,SAS
gayru01,Rudy Gay,2021-22,UTA
gayru01,Rudy Gay,2022-23,UTA
goberru01,Rudy Gobert,2020-21,UTA
goberru01,Rudy Gobert,2021-22,UTA
goberru01,Rudy Gobert,2022-23,MIN
goberru01,Rudy Gobert,2023-24,MIN
hachiru01,Rui Hachimura,2020-21,WAS
hachiru01,Rui Hachimura,2021-22,WAS
hachiru01,Rui Hachimura,2022-23,WAS
hachiru01,Rui Hachimura,2022-23,LAL
hachiru01,Rui Hachimura,2023-24,LAL
westbru01,Russell Westbrook,2020-21,WAS
westbru01,Russell Westbrook,2021-22,LAL
westbru01,Russell Westbrook,2022-23,LAL
westbru01,Russell Westbrook,2022-23,LAC
westbru01,Russell Westbrook,2023-24,LAC
arcidry01,Ryan Arcidiacono,2020-21,CHI
arcidry01,Ryan Arcidiacono,2021-22,NYK
arcidry01,Ryan Arcidiacono,2022-23,NYK
arcidry01,Ryan Arcidiacono,2022-23,POR
arcidry01,Ryan Arcidiacono,2023-24,NYK
rolliry01,Ryan Rollins,2022-23,GSW
rolliry01,Ryan Rollins,2023-24,WAS
rolliry01,Ryan Rollins,2023-24,MIL
leesa01,Saben Lee,2020-21,DET
leesa01,Saben Lee,2021-22,DET
leesa01,Saben Lee,2022-23,PHI
leesa01,Saben Lee,2022-23,PHO
leesa01,Saben Lee,2023-24,PHO
beysa01,Saddiq Bey,2020-21,DET
beysa01,Saddiq Bey,2021-22,DET
beysa01,Saddiq Bey,2022-23,DET
beysa01,Saddiq Bey,2022-23,ATL
beysa01,Saddiq Bey,2023-24,ATL
dekkesa01,Sam Dekker,2021-22,TOR
hausesa01,Sam Hauser,2021-22,BOS
hausesa01,Sam Hauser,2022-23,BOS
hausesa01,Sam Hauser,2023-24,BOS
merrisa01,Sam Merrill,2020-21,MIL
merrisa01,Sam Merrill,2021-22,MEM
merrisa01,Sam Merrill,2022-23,CLE
merrisa01,Sam Merrill,2023-24,CLE
mamuksa01,Sandro Mamukelashvili,2021-22,MIL
mamuksa01,Sandro Mamukelashvili,2022-23,MIL
mamuksa01,Sandro Mamukelashvili,2022-23,SAS
mamuksa01,Sandro Mamukelashvili,2023-24,SAS
aldamsa01,Santi Aldama,2021-22,MEM
aldamsa01,Santi Aldama,2022-23,MEM
aldamsa01,Santi Aldama,2023-24,MEM
vezenal01,Sasha Vezenkov,2023-24,SAC
hendesc01,Scoot Henderson,2023-24,POR
barnesc01,Scottie Barnes,2021-22,TOR
barnesc01,Scottie Barnes,2022-23,TOR
barnesc01,Scottie Barnes,2023-24,TOR
lewissc01,Scottie Lewis,2021-22,CHO
hopsosc01,Scotty Hopson,2021-22,OKC
pippesc02,Scotty Pippen Jr.,2022-23,LAL
pippesc02,Scotty Pippen Jr.,2023-24,MEM
mcderse01,Sean McDermott,2020-21,MEM
doumbse01,Sekou Doumbouya,2020-21,DET
doumbse01,Sekou Doumbouya,2021-22,LAL
ojelese01,Semi Ojeleye,2020-21,BOS
ojelese01,Semi Ojeleye,2021-22,MIL
ojelese01,Semi Ojeleye,2021-22,LAC
ibakase01,Serge Ibaka,2020-21,LAC
ibakase01,Serge Ibaka,2021-22,LAC
ibakase01,Serge Ibaka,2021-22,MIL
ibakase01,Serge Ibaka,2022-23,MIL
curryse01,Seth Curry,2020-21,PHI
curryse01,Seth Curry,2021-22,PHI
curryse01,Seth Curry,2021-22,BRK
curryse01,Seth Curry,2022-23,BRK
curryse01,Seth Curry,2023-24,DAL
curryse01,Seth Curry,2023-24,CHO
lundyse01,Seth Lundy,2023-24,ATL
sharpsh01,Shaedon Sharpe,2022-23,POR
sharpsh01,Shaedon Sharpe,2023-24,POR
gilgesh01,Shai Gilgeous-Alexander,2020-21,OKC
gilgesh01,Shai Gilgeous-Alexander,2021-22,OKC
gilgesh01,Shai Gilgeous-Alexander,2022-23,OKC
gilgesh01,Shai Gilgeous-Alexander,2023-24,OKC
miltosh01,Shake Milton,2020-21,PHI
miltosh01,Shake Milton,2021-22,PHI
miltosh01,Shake Milton,2022-23,PHI
miltosh01,Shake Milton,2023-24,MIN
miltosh01,Shake Milton,2023-24,DET
miltosh01,Shake Milton,2023-24,NYK
buchash01,Shaq Buchanan,2021-22,MEM
harrish01,Shaquille Harrison,2020-21,UTA
harrish01,Shaquille Harrison,2020-21,DEN
harrish01,Shaquille Harrison,2021-22,BRK
harrish01,Shaquille Harrison,2022-23,POR
harrish01,Shaquille Harrison,2023-24,MEM
coopesh01,Sharife Cooper,2021-22,ATL
cissosi01,Sidy Cissoko,2023-24,SAS
fontesi01,Simone Fontecchio,2022-23,UTA
fontesi01,Simone Fontecchio,2023-24,UTA
fontesi01,Simone Fontecchio,2023-24,DET
thornsi01,Sindarius Thornwell,2020-21,NOP
thornsi01,Sindarius Thornwell,2020-21,ORL
mayssk01,Skylar Mays,2020-21,ATL
mayssk01,Skylar Mays,2021-22,ATL
mayssk01,Skylar Mays,2022-23,POR
mayssk01,Skylar Mays,2023-24,POR
mayssk01,Skylar Mays,2023-24,LAL
hillso01,Solomon Hill,2020-21,ATL
hillso01,Solomon Hill,2021-22,ATL
dinwisp01,Spencer Dinwiddie,2020-21,BRK
dinwisp01,Spencer Dinwiddie,2021-22,WAS
dinwisp01,Spencer Dinwiddie,2021-22,DAL
dinwisp01,Spencer Dinwiddie,2022-23,DAL
dinwisp01,Spencer Dinwiddie,2022-23,BRK
dinwisp01,Spencer Dinwiddie,2023-24,BRK
dinwisp01,Spencer Dinwiddie,2023-24,LAL
johnsst04,Stanley Johnson,2020-21,TOR
johnsst04,Stanley Johnson,2021-22,LAL
johnsst04,Stanley Johnson,2022-23,SAS
umudest01,Stanley Umude,2022-23,DET
umudest01,Stanley Umude,2023-24,DET
curryst01,Stephen Curry,2020-21,GSW
curryst01,Stephen Curry,2021-22,GSW
curryst01,Stephen Curry,2022-23,GSW
curryst01,Stephen Curry,2023-24,GSW
brownst02,Sterling Brown,2020-21,HOU
brownst02,Sterling Brown,2021-22,DAL
brownst02,Sterling Brown,2022-23,LAL
adamsst01,Steven Adams,2020-21,NOP
adamsst01,Steven Adams,2021-22,MEM
adamsst01,Steven Adams,2022-23,MEM
mykhasv01,Svi Mykhailiuk,2020-21,DET
mykhasv01,Svi Mykhailiuk,2020-21,OKC
mykhasv01,Svi Mykhailiuk,2021-22,TOR
mykhasv01,Svi Mykhailiuk,2022-23,NYK
mykhasv01,Svi Mykhailiuk,2022-23,CHO
mykhasv01,Svi Mykhailiuk,2023-24,BOS
leaftj01,T.J. Leaf,2020-21,POR
mccontj01,T.J. McConnell,2020-21,IND
mccontj01,T.J. McConnell,2021-22,IND
mccontj01,T.J. McConnell,2022-23,IND
mccontj01,T.J. McConnell,2023-24,IND
warretj01,T.J. Warren,2020-21,IND
warretj01,T.J. Warren,2022-23,BRK
warretj01,T.J. Warren,2022-23,PHO
warretj01,T.J. Warren,2023-24,MIN
fallta01,Tacko Fall,2020-21,BOS
fallta01,Tacko Fall,2021-22,CLE
gibsota01,Taj Gibson,2020-21,NYK
gibsota01,Taj Gibson,2021-22,NYK
gibsota01,Taj Gibson,2022-23,WAS
gibsota01,Taj Gibson,2023-24,NYK
gibsota01,Taj Gibson,2023-24,DET
hortota01,Talen Horton-Tucker,2020-21,LAL
hortota01,Talen Horton-Tucker,2021-22,LAL
hortota01,Talen Horton-Tucker,2022-23,UTA
hortota01,Talen Horton-Tucker,2023-24,UTA
easonta01,Tari Eason,2022-23,HOU
easonta01,Tari Eason,2023-24,HOU
princta02,Taurean Prince,2020-21,BRK
princta02,Taurean Prince,2020-21,CLE
princta02,Taurean Prince,2021-22,MIN
princta02,Taurean Prince,2022-23,MIN
princta02,Taurean Prince,2023-24,LAL
hendrita0,Taylor Hendricks,2023-24,UTA
mooreta02,Taze Moore,2023-24,POR
mannte01,Terance Mann,2020-21,LAC
mannte01,Terance Mann,2021-22,LAC
mannte01,Terance Mann,2022-23,LAC
mannte01,Terance Mann,2023-24,LAC
daviste02,Terence Davis,2020-21,TOR
daviste02,Terence Davis,2020-21,SAC
daviste02,Terence Davis,2021-22,SAC
daviste02,Terence Davis,2022-23,SAC
smithte01,Terquavion Smith,2023-24,PHI
fergute01,Terrance Ferguson,2020-21,PHI
rosste01,Terrence Ross,2020-21,ORL
rosste01,Terrence Ross,2021-22,ORL
rosste01,Terrence Ross,2022-23,ORL
rosste01,Terrence Ross,2022-23,PHO
roziete01,Terry Rozier,2020-21,CHO
roziete01,Terry Rozier,2021-22,CHO
roziete01,Terry Rozier,2022-23,CHO
roziete01,Terry Rozier,2023-24,CHO
roziete01,Terry Rozier,2023-24,MIA
taylote01,Terry Taylor,2021-22,IND
taylote01,Terry Taylor,2022-23,IND
taylote01,Terry Taylor,2022-23,CHI
taylote01,Terry Taylor,2023-24,CHI
youngth01,Thaddeus Young,2020-21,CHI
youngth01,Thaddeus Young,2021-22,SAS
youngth01,Thaddeus Young,2021-22,TOR
youngth01,Thaddeus Young,2022-23,TOR
youngth01,Thaddeus Young,2023-24,TOR
youngth01,Thaddeus Young,2023-24,PHO
antetth01,Thanasis Antetokounmpo,2020-21,MIL
antetth01,Thanasis Antetokounmpo,2021-22,MIL
antetth01,Thanasis Antetokounmpo,2022-23,MIL
antetth01,Thanasis Antetokounmpo,2023-24,MIL
maledth01,Théo Maledon,2020-21,OKC
maledth01,Théo Maledon,2021-22,OKC
maledth01,Théo Maledon,2022-23,CHO
maledth01,Théo Maledon,2023-24,CHO
maledth01,Théo Maledon,2023-24,PHO
pinsoth01,Theo Pinson,2020-21,NYK
pinsoth01,Theo Pinson,2021-22,DAL
pinsoth01,Theo Pinson,2022-23,DAL
bryanth01,Thomas Bryant,2020-21,WAS
bryanth01,Thomas Bryant,2021-22,WAS
bryanth01,Thomas Bryant,2022-23,LAL
bryanth01,Thomas Bryant,2022-23,DEN
bryanth01,Thomas Bryant,2023-24,MIA
makerth01,Thon Maker,2020-21,CLE
fraziti01,Tim Frazier,2020-21,MEM
fraziti01,Tim Frazier,2021-22,ORL
fraziti01,Tim Frazier,2021-22,CLE
hardati02,Tim Hardaway Jr.,2020-21,DAL
hardati02,Tim Hardaway Jr.,2021-22,DAL
hardati02,Tim Hardaway Jr.,2022-23,DAL
hardati02,Tim Hardaway Jr.,2023-24,DAL
allenti01,Timmy Allen,2023-24,MEM
luwawti01,Timothé Luwawu-Cabarrot,2020-21,BRK
luwawti01,Timothé Luwawu-Cabarrot,2021-22,ATL
harrito02,Tobias Harris,2020-21,PHI
harrito02,Tobias Harris,2021-22,PHI
harrito02,Tobias Harris,2022-23,PHI
harrito02,Tobias Harris,2023-24,PHI
satorto01,Tomáš Satoranský,2020-21,CHI
satorto01,Tomáš Satoranský,2021-22,NOP
satorto01,Tomáš Satoranský,2021-22,SAS
satorto01,Tomáš Satoranský,2021-22,WAS
bradlto01,Tony Bradley,2020-21,PHI
bradlto01,Tony Bradley,2020-21,OKC
bradlto01,Tony Bradley,2021-22,CHI
bradlto01,Tony Bradley,2022-23,CHI
snellto01,Tony Snell,2020-21,ATL
snellto01,Tony Snell,2021-22,POR
snellto01,Tony Snell,2021-22,NOP
craigto01,Torrey Craig,2020-21,MIL
craigto01,Torrey Craig,2020-21,PHO
craigto01,Torrey Craig,2021-22,IND
craigto01,Torrey Craig,2021-22,PHO
craigto01,Torrey Craig,2022-23,PHO
craigto01,Torrey Craig,2023-24,CHI
evbuoto01,Tosan Evbuomwan,2023-24,MEM
evbuoto01,Tosan Evbuomwan,2023-24,DET
camarto01,Toumani Camara,2023-24,POR
youngtr01,Trae Young,2020-21,ATL
youngtr01,Trae Young,2021-22,ATL
youngtr01,Trae Young,2022-23,ATL
youngtr01,Trae Young,2023-24,ATL
jackstr02,Trayce Jackson-Davis,2023-24,GSW
palmetr01,Trayvon Palmer,2021-22,DET
jonestr01,Tre Jones,2020-21,SAS
jonestr01,Tre Jones,2021-22,SAS
jonestr01,Tre Jones,2022-23,SAS
jonestr01,Tre Jones,2023-24,SAS
manntr01,Tre Mann,2021-22,OKC
manntr01,Tre Mann,2022-23,OKC
manntr01,Tre Mann,2023-24,OKC
manntr01,Tre Mann,2023-24,CHO
scotttr01,Tre Scott,2021-22,CLE
watertr01,Tremont Waters,2020-21,BOS
watertr01,Tremont Waters,2021-22,TOR
watertr01,Tremont Waters,2021-22,WAS
watfotr01,Trendon Watford,2021-22,POR
watfotr01,Trendon Watford,2022-23,POR
watfotr01,Trendon Watford,2023-24,BRK
forretr01,Trent Forrest,2020-21,UTA
forretr01,Trent Forrest,2021-22,UTA
forretr01,Trent Forrest,2022-23,ATL
forretr01,Trent Forrest,2023-24,ATL
queentr01,Trevelin Queen,2021-22,HOU
queentr01,Trevelin Queen,2022-23,IND
queentr01,Trevelin Queen,2023-24,ORL
arizatr01,Trevor Ariza,2020-21,MIA
arizatr01,Trevor Ariza,2021-22,LAL
hudgitr01,Trevor Hudgins,2022-23,HOU
keelstr01,Trevor Keels,2022-23,NYK
burketr01,Trey Burke,2020-21,DAL
burketr01,Trey Burke,2021-22,DAL
jemistr01,Trey Jemison,2023-24,WAS
jemistr01,Trey Jemison,2023-24,MEM
lylestr01,Trey Lyles,2020-21,SAS
lylestr01,Trey Lyles,2021-22,DET
lylestr01,Trey Lyles,2021-22,SAC
lylestr01,Trey Lyles,2022-23,SAC
lylestr01,Trey Lyles,2023-24,SAC
murphtr02,Trey Murphy III,2021-22,NOP
murphtr02,Trey Murphy III,2022-23,NOP
murphtr02,Trey Murphy III,2023-24,NOP
thomptr01,Tristan Thompson,2020-21,BOS
thomptr01,Tristan Thompson,2021-22,SAC
thomptr01,Tristan Thompson,2021-22,IND
thomptr01,Tristan Thompson,2021-22,CHI
thomptr01,Tristan Thompson,2023-24,CLE
vukcetr01,Tristan Vukcevic,2023-24,WAS
browntr01,Troy Brown Jr.,2020-21,WAS
browntr01,Troy Brown Jr.,2020-21,CHI
browntr01,Troy Brown Jr.,2021-22,CHI
browntr01,Troy Brown Jr.,2022-23,LAL
browntr01,Troy Brown Jr.,2023-24,MIN
browntr01,Troy Brown Jr.,2023-24,DET
jeromty01,Ty Jerome,2020-21,OKC
jeromty01,Ty Jerome,2021-22,OKC
jeromty01,Ty Jerome,2022-23,GSW
jeromty01,Ty Jerome,2023-24,CLE
beyty01,Tyler Bey,2020-21,DAL
cookty01,Tyler Cook,2020-21,BRK
cookty01,Tyler Cook,2020-21,DET
cookty01,Tyler Cook,2021-22,CHI
dorsety01,Tyler Dorsey,2022-23,DAL
hallty01,Tyler Hall,2021-22,NYK
herroty01,Tyler Herro,2020-21,MIA
herroty01,Tyler Herro,2021-22,MIA
herroty01,Tyler Herro,2022-23,MIA
herroty01,Tyler Herro,2023-24,MIA
johnsty01,Tyler Johnson,2020-21,BRK
johnsty01,Tyler Johnson,2021-22,PHI
johnsty01,Tyler Johnson,2021-22,SAS
terryty01,Tyrell Terry,2020-21,DAL
terryty01,Tyrell Terry,2021-22,MEM
halibty01,Tyrese Haliburton,2020-21,SAC
halibty01,Tyrese Haliburton,2021-22,SAC
halibty01,Tyrese Haliburton,2021-22,IND
halibty01,Tyrese Haliburton,2022-23,IND
halibty01,Tyrese Haliburton,2023-24,IND
martity01,Tyrese Martin,2022-23,ATL
maxeyty01,Tyrese Maxey,2020-21,PHI
maxeyty01,Tyrese Maxey,2021-22,PHI
maxeyty01,Tyrese Maxey,2022-23,PHI
maxeyty01,Tyrese Maxey,2023-24,PHI
wallaty01,Tyrone Wallace,2021-22,NOP
alexaty01,Ty-Shon Alexander,2020-21,PHO
washity02,TyTy Washington Jr.,2022-23,HOU
washity02,TyTy Washington Jr.,2023-24,MIL
jonesty01,Tyus Jones,2020-21,MEM
jonesty01,Tyus Jones,2021-22,MEM
jonesty01,Tyus Jones,2022-23,MEM
jonesty01,Tyus Jones,2023-24,WAS
azubuud01,Udoka Azubuike,2020-21,UTA
azubuud01,Udoka Azubuike,2021-22,UTA
azubuud01,Udoka Azubuike,2022-23,UTA
azubuud01,Udoka Azubuike,2023-24,PHO
hasleud01,Udonis Haslem,2020-21,MIA
hasleud01,Udonis Haslem,2021-22,MIA
hasleud01,Udonis Haslem,2022-23,MIA
garubus01,Usman Garuba,2021-22,HOU
garubus01,Usman Garuba,2022-23,HOU
garubus01,Usman Garuba,2023-24,GSW
micicva01,Vasilije Mici?,2023-24,OKC
micicva01,Vasilije Mici?,2023-24,CHO
careyve01,Vernon Carey Jr.,2020-21,CHO
careyve01,Vernon Carey Jr.,2021-22,CHO
careyve01,Vernon Carey Jr.,2021-22,WAS
careyve01,Vernon Carey Jr.,2022-23,WAS
oladivi01,Victor Oladipo,2020-21,IND
oladivi01,Victor Oladipo,2020-21,HOU
oladivi01,Victor Oladipo,2020-21,MIA
oladivi01,Victor Oladipo,2021-22,MIA
oladivi01,Victor Oladipo,2022-23,MIA
wembavi01,Victor Wembanyama,2023-24,SAS
willivi01,Vince Williams Jr.,2022-23,MEM
willivi01,Vince Williams Jr.,2023-24,MEM
poirivi01,Vincent Poirier,2020-21,PHI
krejcvi01,Vit Krejci,2021-22,OKC
krejcvi01,Vit Krejci,2022-23,ATL
krejcvi01,Vit Krejci,2023-24,ATL
cancavl01,Vlatko ?an?ar,2022-23,DEN
cancavl01,Vlatko ?an?ar,2020-21,DEN
cancavl01,Vlatko ?an?ar,2021-22,DEN
kesslwa01,Walker Kessler,2022-23,UTA
kesslwa01,Walker Kessler,2023-24,UTA
ellinwa01,Wayne Ellington,2020-21,DET
ellinwa01,Wayne Ellington,2021-22,LAL
seldewa01,Wayne Selden,2021-22,NYK
cartewe01,Wendell Carter Jr.,2020-21,CHI
cartewe01,Wendell Carter Jr.,2020-21,ORL
cartewe01,Wendell Carter Jr.,2021-22,ORL
cartewe01,Wendell Carter Jr.,2022-23,ORL
cartewe01,Wendell Carter Jr.,2023-24,ORL
moorewe01,Wendell Moore Jr.,2022-23,MIN
moorewe01,Wendell Moore Jr.,2023-24,MIN
gabriwe01,Wenyen Gabriel,2020-21,NOP
gabriwe01,Wenyen Gabriel,2021-22,BRK
gabriwe01,Wenyen Gabriel,2021-22,LAC
gabriwe01,Wenyen Gabriel,2021-22,LAL
gabriwe01,Wenyen Gabriel,2022-23,LAL
gabriwe01,Wenyen Gabriel,2023-24,MEM
iwundwe01,Wes Iwundu,2020-21,DAL
iwundwe01,Wes Iwundu,2020-21,NOP
iwundwe01,Wes Iwundu,2021-22,ATL
matthwe02,Wesley Matthews,2020-21,LAL
matthwe02,Wesley Matthews,2021-22,MIL
matthwe02,Wesley Matthews,2022-23,MIL
matthwe02,Wesley Matthews,2023-24,ATL
bartowi01,Will Barton,2020-21,DEN
bartowi01,Will Barton,2021-22,DEN
bartowi01,Will Barton,2022-23,WAS
bartowi01,Will Barton,2022-23,TOR
magnawi01,Will Magnay,2020-21,NOP
caulewi01,Willie Cauley-Stein,2020-21,DAL
caulewi01,Willie Cauley-Stein,2021-22,DAL
caulewi01,Willie Cauley-Stein,2021-22,PHI
hernawi01,Willy Hernangómez,2020-21,NOP
hernawi01,Willy Hernangómez,2021-22,NOP
hernawi01,Willy Hernangómez,2022-23,NOP
cooksxa01,Xavier Cooks,2022-23,WAS
moonxa01,Xavier Moon,2021-22,LAC
moonxa01,Xavier Moon,2022-23,LAC
moonxa01,Xavier Moon,2023-24,LAC
sneedxa01,Xavier Sneed,2021-22,MEM
sneedxa01,Xavier Sneed,2021-22,UTA
sneedxa01,Xavier Sneed,2022-23,CHO
tillmxa01,Xavier Tillman Sr.,2020-21,MEM
tillmxa01,Xavier Tillman Sr.,2021-22,MEM
tillmxa01,Xavier Tillman Sr.,2022-23,MEM
tillmxa01,Xavier Tillman Sr.,2023-24,MEM
tillmxa01,Xavier Tillman Sr.,2023-24,BOS
ferreyo01,Yogi Ferrell,2020-21,CLE
ferreyo01,Yogi Ferrell,2020-21,LAC
watanyu01,Yuta Watanabe,2020-21,TOR
watanyu01,Yuta Watanabe,2021-22,TOR
watanyu01,Yuta Watanabe,2022-23,BRK
watanyu01,Yuta Watanabe,2023-24,PHO
watanyu01,Yuta Watanabe,2023-24,MEM
ponsyv01,Yves Pons,2021-22,MEM
colliza01,Zach Collins,2021-22,SAS
colliza01,Zach Collins,2022-23,SAS
colliza01,Zach Collins,2023-24,SAS
lavinza01,Zach LaVine,2020-21,CHI
lavinza01,Zach LaVine,2021-22,CHI
lavinza01,Zach LaVine,2022-23,CHI
lavinza01,Zach LaVine,2023-24,CHI
simpsza01,Zavier Simpson,2021-22,OKC
simpsza01,Zavier Simpson,2023-24,MEM
nnajize01,Zeke Nnaji,2020-21,DEN
nnajize01,Zeke Nnaji,2021-22,DEN
nnajize01,Zeke Nnaji,2022-23,DEN
nnajize01,Zeke Nnaji,2023-24,DEN
willizi02,Ziaire Williams,2021-22,MEM
willizi02,Ziaire Williams,2022-23,MEM
willizi02,Ziaire Williams,2023-24,MEM
willizi01,Zion Williamson,2020-21,NOP
willizi01,Zion Williamson,2022-23,NOP
willizi01,Zion Williamson,2023-24,NOP
cheatzy01,Zylan Cheatham,2021-22,UTA
